trait	fit_name	n_loci	n_replaced	stab_ll_gain	plei_ll_gain	dir_ll_gain	full_ll_gain	stab_aic_gain	plei_aic_gain	dir_aic_gain	full_aic_gain	plei_vs_stab_ll_gain
bmi	matched_original_post	791	0	24.22970862081144	39.07334474071615	1.8226338932569772	25.721964749095832	46.45941724162287	76.1466894814323	1.6452677865139549	47.44392949819167	14.843636119904716
bmi	raw_all	791	791	12.831619448970116	22.210934292269258	1.5691986969897584	13.770408423114247	23.663238897940232	42.42186858453852	1.138397393979517	23.54081684622849	9.379314843299142
bmi	raw_z2	791	471	23.737537229545183	34.02896161993897	2.199750310072261	25.612543728688934	45.475074459090365	66.05792323987794	2.399500620144522	47.22508745737787	10.291424390393786
bmi	raw_z5	791	13	31.35415993568114	41.54370490112058	1.9904368105189287	32.9207358625917	60.70831987136228	81.08740980224115	1.9808736210378584	61.8414717251834	10.189544965439438
cad	matched_original_post	49	0	1.817313204049977	2.808125178133917	0.1966634900740977	1.9467189123101212	1.6346264080999546	3.616250356267834	-1.6066730198518044	-0.1065621753797572	0.9908119740839396
cad	raw_all	49	49	-inf	2.2841863613647995	1.9109338690020257	-inf	-inf	2.568372722729599	1.821867738004052	-inf	inf
cad	raw_z2	49	43	0.1831902798558395	1.2376199764054725	0.6342204980309063	0.7629143170943458	-1.6336194402883208	0.475239952810945	-0.7315590039381874	-2.4741713658113085	1.054429696549633
cad	raw_z5	49	35	0.2437000147735482	1.585948992504047	0.1443497149509092	0.377343806055002	-1.5125999704529036	1.1718979850080942	-1.7113005700981816	-3.245312387889996	1.342248977730499
dbp	matched_original_post	400	0	5.813913170418402	8.429268133275343	0.1659479407687172	5.9452830469879245	9.627826340836805	14.858536266550686	-1.6681041184625656	7.890566093975849	2.615354962856941
dbp	raw_all	400	400	0.0588383402660213	0.3545594871430069	1.858108727695736	1.088702507047287	-1.8823233194679572	-1.2908810257139862	1.7162174553914724	-1.8225949859054251	0.2957211468769856
dbp	raw_z2	400	344	6.116386271389615	8.9146829621709	1.1269215032635884	7.060591335720858	10.23277254277923	15.8293659243418	0.2538430065271768	10.121182671441716	2.798296690781285
dbp	raw_z5	400	40	7.576550648167398	10.204123570885656	0.0744641881221923	7.594648149781364	13.153101296334796	18.408247141771312	-1.8510716237556155	11.189296299562727	2.627572922718258
hdl	matched_original_post	488	0	-0.0025869451021662	0.8976845411331453	1.1116202162820343	1.1277435497949853	-2.005173890204333	-0.2046309177337093	0.2232404325640686	-1.7445129004100297	0.9002714862353116
hdl	raw_all	488	488	-0.0025869451021662	0.1460649836539289	-0.0033321348789456	-0.0011289711495123	-2.005173890204333	-1.707870032692142	-2.006664269757892	-4.002257942299025	0.1486519287560952
hdl	raw_z2	488	226	-0.0025869451021662	0.9638640783363428	0.0623767326105166	0.0645290811828545	-2.005173890204333	-0.0722718433273144	-1.8752465347789664	-3.870941837634291	0.9664510234385092
hdl	raw_z5	488	26	0.0299977788756393	1.8509064320045356	0.7712985879012138	0.7667688865360276	-1.9400044422487213	1.7018128640090708	-0.4574028241975725	-2.466462226927945	1.820908653128896
height	matched_original_post	2034	0	10.477403721542828	18.49261698691293	-0.014386323597364	10.496045473797835	18.954807443085656	34.98523397382587	-2.028772647194728	16.99209094759567	8.015213265370107
height	raw_all	2034	2034	7.602819957508018	13.483722598799204	0.6739300941062538	7.941268206325049	13.205639915016036	24.96744519759841	-0.6521398117874924	11.882536412650095	5.880902641291186
height	raw_z2	2034	1636	29.77123398216088	26.61685717222917	0.0039435108936913	29.8194881564408	57.54246796432176	51.23371434445835	-1.9921129782126168	55.6389763128816	-3.154376809931705
height	raw_z5	2034	277	42.16099261761747	40.04672766876274	0.1026366088068471	42.233759331263855	82.32198523523493	78.09345533752548	-1.7947267823863058	80.46751866252771	-2.114264948854725
ldl	matched_original_post	390	0	-0.0019324516376286	0.1141143911427775	3.0500237263713075	3.1101923049144773	-2.0038649032752573	-1.771771217714445	4.100047452742615	2.2203846098289546	0.1160468427804062
ldl	raw_all	390	390	2.424582111310116	2.026113691414082	1.258174269928105	3.245678622007432	2.849164222620232	2.052227382828164	0.5163485398562102	2.491357244014864	-0.3984684198960337
ldl	raw_z2	390	102	-0.0019282374058207	1.8671234133170744	3.420242085407409	3.6032134319683	-2.0038564748116414	1.7342468266341484	4.840484170814818	3.206426863936599	1.869051650722895
ldl	raw_z5	390	11	0.3256693928479137	0.1155405108111722	3.661787177284453	3.849707668592629	-1.3486612143041723	-1.7689189783776555	5.323574354568905	3.6994153371852576	-0.2101288820367415
rbc	matched_original_post	666	0	1.070339034762526	3.3709865588366483	0.1589244201172732	1.2487256919169454	0.1406780695250518	4.741973117673297	-1.6821511597654537	-1.5025486161661092	2.3006475240741224
rbc	raw_all	666	666	-0.0037298239782899	0.2340782095608915	0.3245148590711437	0.3275997868947797	-2.00745964795658	-1.531843580878217	-1.3509702818577125	-3.3448004262104405	0.2378080335391814
rbc	raw_z2	666	446	-0.0036100480770642	0.2374039346702829	0.3421029997055598	0.8935567824164536	-2.0072200961541284	-1.525192130659434	-1.3157940005888804	-2.2128864351670927	0.2410139827473472
rbc	raw_z5	666	44	2.9365380231199083	5.2642570087765534	0.0591573410825958	3.0092290593455573	3.8730760462398166	8.528514017553107	-1.8816853178348083	2.0184581186911146	2.327718985656645
sbp	matched_original_post	699	0	14.47812271574395	21.80290857833836	1.4409838108580857	15.872241053602975	26.9562454314879	41.60581715667672	0.8819676217161714	27.744482107205958	7.32478586259441
sbp	raw_all	699	699	0.0160235158662658	5.279820116066219	0.5827478832879365	0.5864426277411212	-1.9679529682674683	8.559640232132438	-0.834504233424127	-2.8271147445177576	5.263796600199953
sbp	raw_z2	699	427	12.57677861303216	17.518111837564675	2.0915097622421968	14.130725282880974	23.15355722606432	33.03622367512935	2.183019524484393	24.261450565761947	4.941333224532514
sbp	raw_z5	699	16	20.640628763782612	25.79534540360873	0.8294600332046116	21.46214435999548	39.28125752756523	49.59069080721747	-0.3410799335907768	38.92428871999096	5.15471663982612
scz	matched_original_post	172	0	7.826890326379811	8.738858185707727	0.4968912241753997	8.172797744060873	13.653780652759622	15.477716371415454	-1.0062175516492005	12.345595488121743	0.911967859327916
scz	raw_all	172	172	-inf	13.360060257484974	3.75271052545672	-inf	-inf	24.72012051496995	5.505421050913441	-inf	inf
scz	raw_z2	172	1	7.472704398409476	8.499439411423566	0.8255090154904536	8.057479728988255	12.945408796818953	14.998878822847132	-0.3489819690190927	12.11495945797651	1.0267350130140898
scz	raw_z5	172	0	7.826890326379811	8.738858185707727	0.4968912241753997	8.172797744060873	13.653780652759622	15.477716371415454	-1.0062175516492005	12.345595488121743	0.911967859327916
t2d	matched_original_post	208	0	-0.000753615234089	0.2754222312526906	0.5961488446933316	0.5970365710352041	-2.001507230468178	-1.4491555374946188	-0.8077023106133367	-2.805926857929592	0.2761758464867796
t2d	raw_all	208	208	-0.0007427227072724	0.0469170146599111	1.2327041062454782	1.2335694274928244	-2.001485445414545	-1.9061659706801777	0.4654082124909564	-1.5328611450143512	0.0476597373671836
t2d	raw_z2	208	189	-0.000753615234089	0.0466650385332627	1.283275973633394	1.284229630301624	-2.001507230468178	-1.9066699229334745	0.5665519472667881	-1.431540739396752	0.0474186537673517
t2d	raw_z5	208	67	-0.000753615234089	0.0466650385332627	0.9047021468783214	0.9055898915247838	-2.001507230468178	-1.9066699229334745	-0.1905957062433572	-2.1888202169504325	0.0474186537673517
triglycerides	matched_original_post	417	0	-0.0023169957724178	0.1495875202238323	0.5606552182476321	0.5620587110323072	-2.004633991544836	-1.7008249595523353	-0.8786895635047358	-2.8758825779353856	0.1519045159962502
triglycerides	raw_all	417	417	0.5596332981682792	0.3942802504299436	1.4059983542639145	0.6951551183165634	-0.8807334036634415	-1.2114394991401127	0.811996708527829	-2.609689763366873	-0.1653530477383356
triglycerides	raw_z2	417	216	-0.0025575657331273	0.1479476324457493	0.6168409003450108	0.6182703586175649	-2.0051151314662548	-1.7041047351085012	-0.7663181993099784	-2.7634592827648703	0.1505051981788767
triglycerides	raw_z5	417	24	-0.0025575657331273	0.1479476330566456	0.3948298481584515	0.4347456013016995	-2.0051151314662548	-1.7041047338867088	-1.2103403036830969	-3.130508797396601	0.1505051987897729
wbc	matched_original_post	557	0	0.1819736884534677	2.214087477031825	0.0279872934152081	0.2170524180626216	-1.6360526230930643	2.4281749540636497	-1.944025413169584	-3.5658951638747567	2.032113788578357
wbc	raw_all	557	557	-0.0026545392256878	0.7184106392769252	-0.0045507733466081	0.0225846379573226	-2.005309078451376	-0.5631787214461497	-2.0091015466932163	-3.954830724085354	0.721065178502613
wbc	raw_z2	557	406	-0.0025896645985028	0.1620056918232251	0.0481388350569602	0.7406833537833393	-2.0051793291970057	-1.6759886163535498	-1.9037223298860797	-2.518633292433321	0.1645953564217279
wbc	raw_z5	557	26	-0.0025896645985028	0.1620057063258002	0.0337764072859272	1.494166782792547	-2.0051793291970057	-1.6759885873483995	-1.9324471854281453	-1.0116664344149058	0.1645953709243031
