SNP_ID_ALLELE	snp	chr	pos	se	neglog10p	raf	rbeta	pval	PosteriorMean	PosteriorSD	var_exp	n_eff	median_n_eff	rsid	chrom_hg38	pos_hg38	or_mvp_EUR	or_mvp_AMR	or_mvp_AFR	or_mvp_META	ea_mvp	rallele	pallele	snp_hg19	snp_hg19_sorted	max_r2
rs7518099_C_T	1:165767643:C:T	1	165767643	0.0121654541867783	50.2967086218813	0.1233	0.183	5.05000000000044e-51	0.176982021742838	0.0125966858109398	0.00724012823358	31179.717097507302	23066.705229301984	rs7518099	1	165767643	0.1639999999999999	0.203	0.1259999999999999	0.1599999999999999	C	C	T	1:165736880:C:T	1:165736880:C:T	0.0
rs7520165_C_T	1:172208649:T:C	1	172208649	0.0394658171537371	10.8326826652518	0.01744	0.266	1.4700000000000793e-11	0.233834730909549	0.0481453164406094	0.0024249278957568	18793.84918189156	23066.705229301984	rs7520165	1	172208649	-0.0382	-0.0444999999999999	-0.0844	-0.0432	T	C	T	1:172177789:T:C	1:172177789:C:T	0.0
rs10796912_A_G	1:37625925:G:A	1	37625925	0.0093870584932942	10.3391345219961	0.4373	0.0618	4.580000000000333e-11	0.0562092302360093	0.0097398638701533	0.0018795909199608	23062.9294601658	23066.705229301984	rs10796912	1	37625925	-0.027	-0.019	-0.0185999999999999	-0.024	G	A	G	1:38091597:G:A	1:38091597:A:G	0.0
rs702490_A_G	1:53729345:A:G	1	53729345	0.0101778826524591	8.7281583934635	0.3346	0.0612	1.870000000000002e-09	0.0542829897073686	0.0109498949304282	0.0016677907972992	21648.18928972029	23066.705229301984	rs702490	1	53729345	0.03	0.0589999999999999	0.0189999999999999	0.03	A	A	G	1:54195018:A:G	1:54195018:A:G	0.0
rs2273368_C_T	1:112521149:C:T	1	112521149	0.0106075460661861	8.59345981956604	0.1972	0.0632	2.5500000000000328e-09	0.0558031133814952	0.0114187195530011	0.0012646735239168	28070.791058304487	23066.705229301984	rs2273368	1	112521149	-0.0218	0.022	0.0229999999999999	-0.0103999999999999	C	T	C	1:113063771:C:T	1:113063771:C:T	0.0
rs149855851_C_T	1:100679763:C:T	1	100679763	0.0096871592263251	8.57186520597121	0.3576	0.0576	2.6800000000000036e-09	0.0509788932214427	0.0106136773827935	0.0015243265179648	23225.690076412888	23066.705229301984	rs149855851	1	100679763	-0.0274999999999999	-0.0235999999999999	0.0049999999999998	-0.0212999999999999	C	T	C	1:101145319:C:T	1:101145319:C:T	0.0
rs138497163_A_G	1:165223974:G:A	1	165223974	0.0255813011420141	7.52724355068279	0.01302	0.142	2.9699999999999813e-08	0.112171940705017	0.0275730254719348	0.0005182341413088	59291.775757757	23066.705229301984	rs138497163	1	165223974	-0.0007	0.0169999999999999	-0.1933	-0.0198	G	A	G	1:165193211:G:A	1:165193211:A:G	0.0
rs4907985_A_T	1:102875460:T:A	1	102875460	0.0093812062997303	7.48811663902113	0.4962	0.0518	3.249999999999968e-08	0.0441728186122446	0.0111430103341614	0.0013415425080287	22773.94748677336	23066.705229301984	rs4907985	1	102875460	0.024	0.0329999999999999	0.0629999999999999	0.0309999999999999	T	T	A	1:103341016:T:A	1:103341016:A:T	0.0
rs12401902_G_T	1:36181363:G:T	1	36181363	0.0354996029866561	7.46218090492673	0.97468	0.196	3.4499999999999674e-08	0.140057824667797	0.0436361039126728	0.0018961290604032	16051.841661099746	23066.705229301984	rs12401902	1	36181363	0.034	-0.0612	-0.0256999999999999	0.0189999999999999	G	G	T	1:36646964:G:T	1:36646964:G:T	0.0
rs62188040_A_C	2:212858621:C:A	2	212858621	0.0161847021891329	13.7258421507363	0.8867	0.124	1.880000000000088e-14	0.112943611358458	0.0160991568305041	0.0030894415587199	18985.25922439821	23066.705229301984	rs62188040	2	212858621	0.0569999999999999	0.012	-0.0006	0.04	C	C	A	2:213723345:C:A	2:213723345:A:C	0.0
rs55882252_C_T	2:152505186:T:C	2	152505186	0.0093498357353811	12.9281179926939	0.5465	0.0694	1.179999999999929e-13	0.0642746803076449	0.0095757971007762	0.00238735165118	23055.54473687997	23066.705229301984	rs55882252	2	152505186	-0.0402	-0.0809999999999999	-0.0446999999999999	-0.046	T	C	T	2:153361700:T:C	2:153361700:C:T	0.0
rs2627761_C_T	2:55705879:C:T	2	55705879	0.0131178648114678	10.7670038896078	0.1777	0.0883	1.7100000000001827e-11	0.0797567368745335	0.0137893536373129	0.0022786053927438	19870.719247683744	23066.705229301984	rs2627761	2	55705879	0.0449999999999999	0.0589999999999999	0.046	0.048	C	C	T	2:55933014:C:T	2:55933014:C:T	0.0
rs10190396_A_C	2:227271770:A:C	2	227271770	0.0094253725568357	9.31966448658544	0.5926	0.0587	4.789999999999966e-10	0.0527361433752414	0.0100362854300058	0.0016637530704312	23297.33532791685	23066.705229301984	rs10190396	2	227271770	-0.0244999999999999	-0.0037	-0.0063999999999999	-0.0183999999999999	A	C	A	2:228136486:A:C	2:228136486:A:C	0.0
rs6732795_A_C	2:69184385:A:C	2	69184385	0.0098349871282427	7.67985371388895	0.3917	0.0551	2.08999999999998e-08	0.0474869668325396	0.0113594843590552	0.0014467869453422	21709.54841839668	23066.705229301984	rs6732795	2	69184385	-0.0254999999999999	-0.0346999999999999	-0.0339	-0.0285999999999999	A	C	A	2:69411517:A:C	2:69411517:A:C	0.0
rs9853115_A_T	3:186413811:T:A	3	186413811	0.0093746804249922	22.2218487496164	0.5024	0.0925	5.999999999999415e-23	0.0886102791808356	0.0095686755245311	0.004278026432	22740.883773505644	23066.705229301984	rs9853115	3	186413811	0.064	0.054	0.05	0.058	T	T	A	3:186131600:T:A	3:186131600:A:T	0.0
rs2087011_G_T	3:85038753:T:G	3	85038753	0.0094885613696527	16.0472075569559	0.3526	0.079	8.970000000000156e-17	0.0742559528197044	0.0097747433591334	0.00284930658168	24280.93933545918	23066.705229301984	rs2087011	3	85038753	0.03	0.018	-0.0161	0.0169999999999999	T	T	G	3:85087904:T:G	3:85087904:G:T	0.0
rs6445046_G_T	3:172215462:G:T	3	172215462	0.0114134512578409	12.0629838925352	0.8021	0.0816	8.64999999999971e-13	0.074781508964937	0.0118907701362174	0.0021139009003008	24186.941018997783	23066.705229301984	rs6445046	3	172215462	-0.0404999999999999	-0.0499	-0.0215999999999999	-0.0354999999999999	G	T	G	3:171933252:G:T	3:171933252:G:T	0.0
rs9877579_C_T	3:188340928:T:C	3	188340928	0.0101004426980087	10.8569851997459	0.7414	0.0683	1.3900000000000168e-11	0.0621947026748139	0.010428157720595	0.0017887617734712	25539.08531264053	23066.705229301984	rs9877579	3	188340928	0.044	-0.0182999999999999	0.0209999999999999	0.0289999999999999	T	T	C	3:188058716:T:C	3:188058716:C:T	0.0
rs34151455_G_T	3:124610314:G:T	3	124610314	0.0097958205919149	10.8538719643218	0.3446	0.0662	1.3999999999998805e-11	0.0603597147881641	0.0101003456464341	0.0019795555104992	23070.48099843817	23066.705229301984	rs34151455	3	124610314	-0.013	-0.0335999999999999	0.0009999999999998	-0.0099	G	T	G	3:124329161:G:T	3:124329161:G:T	0.0
rs6549425_A_T	3:66816387:T:A	3	66816387	0.0098620507274493	9.70553377383841	0.7001	0.0628	1.9699999999999896e-10	0.0566064571820957	0.010324210413239	0.0016560972139232	24452.784408865908	23066.705229301984	rs6549425	3	66816387	0.046	0.0149999999999999	-0.0024999999999999	0.028	T	T	A	3:66866811:T:A	3:66866811:A:T	0.0
rs62295973_C_T	3:169495084:C:T	3	169495084	0.0093641557207686	8.70553377383841	0.4795	0.0562	1.969999999999989e-09	0.049932461751689	0.0102659862789541	0.00157656533118	22836.439093439647	23066.705229301984	rs62295973	3	169495084	0.032	0.064	0.0269999999999999	0.034	C	C	T	3:169212872:C:T	3:169212872:C:T	0.0
rs7655918_A_G	4:7887574:A:G	4	7887574	0.0094207095015589	38.3124710387854	0.3999	0.123	4.869999999999653e-39	0.119262161865459	0.0093439775561436	0.00726131453742	23526.270124699186	23066.705229301984	rs7655918	4	7887574	0.0729999999999999	0.0889999999999999	0.0169999999999999	0.0629999999999999	A	A	G	4:7889301:A:G	4:7889301:A:G	0.0
rs13126426_C_T	4:111039218:T:C	4	111039218	0.0189505452879114	9.21467016498923	0.95446	0.118	6.10000000000005e-10	0.102322399242161	0.0195541230446648	0.0012104441867232	31632.33661866172	23066.705229301984	rs13126426	4	111039218	0.088	0.088	0.1140000000000001	0.09	T	T	C	4:111960374:T:C	4:111960374:C:T	0.0
rs146857702_C_T	4:128117591:C:T	4	128117591	0.0274701630255038	7.49485002168009	0.01412	0.152	3.2000000000000287e-08	0.117468291559673	0.0298185251081735	0.0006432442677248	47543.83411240135	23066.705229301984	rs146857702	4	128117591	-0.0564	-0.0007	-0.0607999999999999	-0.0325999999999999	C	T	C	4:129038746:C:T	4:129038746:C:T	0.0
rs144869161_C_G	4:127516949:G:C	4	127516949	0.0256457822264411	7.30891850787703	0.01399	0.14	4.910000000000022e-08	0.109577026277348	0.0282860371621966	0.00054073577208	55021.32380581264	23066.705229301984	rs144869161	4	127516949	-0.046	-0.002	-0.0735	-0.0321	G	C	G	4:128438104:G:C	4:128438104:C:G	0.0
rs2745572_A_G	6:1548134:A:G	6	1548134	0.0096766407566325	30.0199966284163	0.6658	0.112	9.549999999998956e-31	0.108189237060647	0.0096529810445982	0.00558233991168	23805.66296280281	23066.705229301984	rs2745572	6	1548134	0.0729999999999999	0.076	0.0269999999999999	0.064	A	A	G	6:1548369:A:G	6:1548369:A:G	0.0
rs4896202_G_T	6:136151358:T:G	6	136151358	0.0094685069954039	18.7471469690201	0.5864	0.0854	1.7900000000000262e-19	0.081063636476154	0.0097384515794397	0.0035376937046528	23025.816920851925	23066.705229301984	rs4896202	6	136151358	0.046	0.002	0.01	0.032	T	T	G	6:136472496:T:G	6:136472496:G:T	0.0
rs57111852_A_G	6:606263:G:A	6	606263	0.0125460640773067	15.33254704711	0.1377	0.102	4.650000000000502e-16	0.0952577459605613	0.0128230292253517	0.0024707150776799	26688.391300781088	23066.705229301984	rs57111852	6	606263	-0.0746999999999999	-0.0626999999999999	-0.0321	-0.0649999999999999	G	A	G	6:606263:G:A	6:606263:A:G	0.0
rs6921994_C_T	6:2106803:C:T	6	2106803	0.0105345870202503	14.9871627752948	0.7667	0.0846	1.0300000000000649e-15	0.0790851463676067	0.0109060197994488	0.0025604183072951	25141.2919246781	23066.705229301984	rs6921994	6	2106803	0.046	0.0509999999999999	0.002	0.042	C	C	T	6:2107037:C:T	6:2107037:C:T	0.000400000056624414
rs2771011_A_T	6:51613025:A:T	6	51613025	0.0150036653371512	13.9546770212133	0.8993	0.116	1.1100000000001092e-14	0.106564947380493	0.0150782159781582	0.00243713753312	24492.13318474997	23066.705229301984	rs2771011	6	51613025	-0.0638999999999999	-0.0235999999999999	-0.0432	-0.0526999999999999	A	T	A	6:51477823:A:T	6:51477823:A:T	0.0
rs903623_C_G	6:170097288:C:G	6	170097288	0.0165355129735969	7.94309514866353	0.952	0.0943	1.1399999999999932e-08	0.0804225806895181	0.0181802217652384	0.00081270244608	40096.55222695551	23066.705229301984	rs903623	6	170097288	-0.0225999999999999	-0.0031999999999999	-0.0139	-0.0123999999999999	C	G	C	6:170412512:C:G	6:170412512:C:G	0.0
rs10258482_A_C	7:116510041:C:A	7	116510041	0.0121719347290043	13.0236500209967	0.2726	0.0906	9.470000000000592e-14	0.0835735273428407	0.0126654534021054	0.0032552589320928	17041.36935779043	23066.705229301984	rs10258482	7	116510041	-0.0617999999999999	-0.0303999999999999	-0.0578999999999999	-0.058	C	A	C	7:116150095:C:A	7:116150095:A:C	0.0
rs10230941_C_G	7:117996057:C:G	7	117996057	0.0095325077414641	12.5985994592185	0.3589	0.0697	2.5199999999997454e-13	0.0643786812564362	0.0097764807937217	0.0022356035319821	23953.592474043147	23066.705229301984	rs10230941	7	117996057	-0.0359	-0.0414999999999999	-0.0249	-0.0343999999999999	C	G	C	7:117636111:C:G	7:117636111:C:G	0.0
rs2526099_A_G	7:11638213:A:G	7	11638213	0.0094624336058825	10.8416375079047	0.4717	0.064	1.4400000000001667e-11	0.0584582038464281	0.0097493218362652	0.00204143910912	22344.09876505093	23066.705229301984	rs2526099	7	11638213	-0.0312999999999999	-0.0615	-0.0283999999999999	-0.0338	A	G	A	7:11677840:A:G	7:11677840:A:G	0.0
rs2886896_A_G	7:81219785:A:G	7	81219785	0.0094119362807967	10.3205721033879	0.5792	0.062	4.7799999999997976e-11	0.0563899643023197	0.0097623887853219	0.0018737759436799	23089.868700203337	23066.705229301984	rs2886896	7	81219785	0.034	-0.0118	-0.0031999999999999	0.0189999999999999	A	A	G	7:80849101:A:G	7:80849101:A:G	0.0
rs4128399_C_T	7:151801593:T:C	7	151801593	0.0116057021917131	8.61618463401957	0.168	0.0693	2.419999999999994e-09	0.060976241286179	0.0124087335356945	0.00134254568448	26518.51152749088	23066.705229301984	rs4128399	7	151801593	-0.0189	-0.0077	-0.0449	-0.0192999999999999	T	C	T	7:151498679:T:C	7:151498679:C:T	0.0
rs80328555_C_T	8:123559995:T:C	8	123559995	0.018269249729388	14.1870866433571	0.06626	0.142	6.5000000000006665e-15	0.127390783638305	0.0179319233441536	0.0024950777288671	24345.545438175803	23066.705229301984	rs80328555	8	123559995	-0.0872	-0.0376999999999999	-0.0835	-0.0840999999999999	T	C	T	8:124572235:T:C	8:124572235:C:T	0.0
rs2472496_A_G	9:104933072:G:A	9	104933072	0.0095691665248016	44.5833594926617	0.4448	0.135	2.6100000000001172e-45	0.13092999945349	0.009484431280826	0.009001435392	22169.39522008483	23066.705229301984	rs2472496	9	104933072	0.0809999999999999	0.0849999999999999	0.056	0.076	G	G	A	9:107695353:G:A	9:107695353:A:G	0.0
rs2383204_A_G	9:22055049:A:G	9	22055049	0.0093392171654082	33.4584207560534	0.4769	0.114	3.480000000000155e-34	0.110440510599818	0.0093010069479081	0.00648413040888	22919.88726855474	23066.705229301984	rs2383204	9	22055049	-0.1090999999999999	-0.1447	-0.0332	-0.0930999999999999	A	G	A	9:22055048:A:G	9:22055048:A:G	0.0
rs62578127_C_T	9:126624581:C:T	9	126624581	0.0097191251386996	30.1272611725273	0.6304	0.112	7.460000000000508e-31	0.108155164728855	0.0096956699316728	0.00584539963392	22818.22504300303	23066.705229301984	rs62578127	9	126624581	0.046	0.0689999999999999	0.0469999999999999	0.048	C	C	T	9:129386860:C:T	9:129386860:C:T	0.0
rs1556887_A_G	9:127124759:A:G	9	127124759	0.0096230382550939	9.21681130892474	0.4885	0.0596	6.070000000000036e-10	0.0534256244310384	0.0102460040075415	0.00177514045368	21575.080814634635	23066.705229301984	rs1556887	9	127124759	-0.0211999999999999	-0.0016	0.0069999999999998	-0.0143999999999999	A	G	A	9:129887038:A:G	9:129887038:A:G	0.0
rs61751937_C_G	9:110549951:G:C	9	110549951	0.0235371610033269	9.01592296609717	0.02914	0.144	9.639999999999981e-10	0.119691832197546	0.0236576571492809	0.0011732785625087	31873.41798310861	23066.705229301984	rs61751937	9	110549951	-0.0392	-0.1606999999999999	0.0209999999999999	-0.0492	G	C	G	9:113312231:G:C	9:113312231:C:G	0.0
rs8176741_A_G	9:133256074:G:A	9	133256074	0.0144702387038581	8.61083391563547	0.06056	0.0863	2.44999999999999e-09	0.0752532142594133	0.0155951153487342	0.0008474352040728	41983.52034648072	23066.705229301984	rs8176741	9	133256074	-0.0564999999999999	-0.0607999999999999	-0.0659999999999999	-0.061	G	A	G	9:136131461:G:A	9:136131461:A:G	0.0
rs1407395_C_T	9:109652557:T:C	9	109652557	0.0195196642452844	8.46980030179692	0.08528	0.116	3.389999999999989e-09	0.0989988939745295	0.0205324702642996	0.0020993330388992	16646.176469724458	23066.705229301984	rs1407395	9	109652557	0.0089999999999998	-0.0074999999999999	0.024	0.0149999999999999	T	C	T	9:112414837:T:C	9:112414837:C:T	0.0
rs10740731_A_G	10:58589126:G:A	10	58589126	0.0094440489853027	15.4034029043735	0.4529	0.0769	3.950000000000359e-16	0.0720765927612121	0.0097201950037382	0.0029305673768797	22610.29272678621	23066.705229301984	rs10740731	10	58589126	0.02	0.0469999999999999	-0.0027	0.018	G	G	A	10:60348886:G:A	10:60348886:A:G	0.0
rs2815479_A_G	10:27717041:G:A	10	27717041	0.0108419227686916	8.75448733218585	0.1958	0.0653	1.760000000000002e-09	0.0577874681123107	0.0115727670681126	0.0013428673493048	26974.215314549147	23066.705229301984	rs2815479	10	27717041	0.0309999999999999	0.016	0.0269999999999999	0.0269999999999999	G	G	A	10:28005970:G:A	10:28005970:A:G	0.0
rs9329333_A_T	10:10798199:A:T	10	10798199	0.0101079434881033	8.61978875828839	0.3414	0.0603	2.400000000000021e-09	0.053364987587812	0.0109485428822039	0.0016351208751672	21783.39222059161	23066.705229301984	rs9329333	10	10798199	0.016	0.07	0.0229999999999999	0.0229999999999999	A	A	T	10:10840162:A:T	10:10840162:A:T	0.0
rs10838681_A_G	11:47253513:G:A	11	47253513	0.0099195370375133	17.0969100130081	0.2676	0.0853	7.999999999999218e-18	0.0805011866748634	0.0102289483733291	0.0028520852507232	25929.44313994329	23066.705229301984	rs10838681	11	47253513	-0.031	-0.0232999999999999	-0.0332999999999999	-0.0303999999999999	G	A	G	11:47275064:G:A	11:47275064:A:G	0.0
rs12806740_A_G	11:120332919:G:A	11	120332919	0.0094197688325351	16.0433514207948	0.3755	0.0783	9.049999999999944e-17	0.0735861352256427	0.0096989381279341	0.002875384344555	24054.63761327586	23066.705229301984	rs12806740	11	120332919	-0.0416999999999999	-0.0779999999999999	-0.0309	-0.0432	G	A	G	11:120203628:G:A	11:120203628:A:G	0.0
rs188144417_A_G	11:86602795:A:G	11	86602795	0.0147373357745092	11.0856568428806	0.09222	0.101	8.209999999999242e-12	0.0912662976015834	0.0153348063739662	0.0017079630515832	27351.268949230234	23066.705229301984	rs188144417	11	86602795	-0.0664	-0.1179	-0.0143999999999999	-0.0637999999999999	A	G	A	11:86313837:A:G	11:86313837:A:G	0.0
rs4752872_C_T	11:47832243:T:C	11	47832243	0.0116293722126196	11.041436116778	0.1299	0.0793	9.090000000000686e-12	0.0719908518102237	0.0121425702461292	0.0014215256157101	32722.18671931278	23066.705229301984	rs4752872	11	47832243	-0.0235999999999999	0.002	0.0549999999999999	-0.0127	T	C	T	11:47853795:T:C	11:47853795:C:T	0.1935999454498329
rs1944051_A_G	11:58607820:A:G	11	58607820	0.0125057544288462	8.70996538863748	0.1428	0.075	1.950000000000009e-09	0.0658590723745915	0.0133664514352123	0.0013770918	26158.765516596573	23066.705229301984	rs1944051	11	58607820	-0.0411	-0.0471	-0.0274999999999999	-0.0403999999999999	A	G	A	11:58375293:A:G	11:58375293:A:G	0.0
rs633800_A_G	11:65871248:G:A	11	65871248	0.0094232761448754	8.48412615628832	0.5042	0.0558	3.280000000000001e-09	0.0493283293445256	0.0104359988362847	0.0015567101507808	22489.798401710537	23066.705229301984	rs633800	11	65871248	-0.018	0.02	0.026	-0.0064999999999999	G	A	G	11:65638719:G:A	11:65638719:A:G	0.0
rs10743092_A_G	11:8815840:G:A	11	8815840	0.0170248777087096	7.95467702121334	0.9496	0.0973	1.1100000000000073e-08	0.0829191103191888	0.0186693309178089	0.0009062059692672	36016.53433095492	23066.705229301984	rs10743092	11	8815840	-0.0251	0.03	0.0009999999999998	-0.0018	G	A	G	11:8837387:G:A	11:8837387:A:G	0.0
rs33206_A_G	12:30908649:G:A	12	30908649	0.0094754872130768	8.53610701101409	0.6088	0.0563	2.9100000000000154e-09	0.0498322719832514	0.0104463424283987	0.0015098029696128	23342.89736554171	23066.705229301984	rs33206	12	30908649	-0.0138	0.0089999999999998	-0.0028	-0.0081999999999999	G	A	G	12:31061583:G:A	12:31061583:A:G	0.0
rs7972874_A_T	12:28050312:T:A	12	28050312	0.0108908873808209	8.53017798402184	0.7357	0.0647	2.949999999999979e-09	0.0570092978315447	0.0117133795011238	0.0016279328099117	21632.70392484733	23066.705229301984	rs7972874	12	28050312	0.0369999999999999	-0.0028	0.0689999999999999	0.0369999999999999	T	T	A	12:28203245:T:A	12:28203245:A:T	0.0
rs9544026_A_G	13:75686220:A:G	13	75686220	0.0093452775769478	15.8927900303521	0.5017	0.0773	1.2800000000000955e-16	0.0726053509340451	0.0096155352466727	0.0029876104628237	22922.209148313123	23066.705229301984	rs9544026	13	75686220	-0.0385999999999999	-0.0209	-0.0588999999999999	-0.0431	A	G	A	13:76260356:A:G	13:76260356:A:G	0.0
rs6490695_C_T	13:22095915:T:C	13	22095915	0.0114669029052286	11.2020403562628	0.1705	0.0788	6.280000000000044e-12	0.0716687736520794	0.0119570924154571	0.00175639909368	26896.036636817145	23066.705229301984	rs6490695	13	22095915	0.06	0.062	-0.004	0.0369999999999999	T	T	C	13:22670054:T:C	13:22670054:C:T	0.0
rs34808582_C_T	13:110241956:T:C	13	110241956	0.0132670803611105	7.40011692792631	0.8174	0.0729	3.9800000000000224e-08	0.0617389542564213	0.0149225433210742	0.0015864283376568	19010.73843342135	23066.705229301984	rs34808582	13	110241956	0.0529999999999999	0.0249999999999999	-0.0205999999999999	0.0309999999999999	T	T	C	13:110894303:T:C	13:110894303:C:T	0.0
rs33912345_A_C	14:60509819:C:A	14	60509819	0.0100692542077487	16.0915149811213	0.3879	0.0839	8.10000000000094e-17	0.0788512992063095	0.01039978875545	0.0033426898021278	20757.25290867638	23066.705229301984	rs33912345	14	60509819	0.102	0.0989999999999999	0.056	0.096	C	C	A	14:60976537:C:A	14:60976537:A:C	0.0
rs35413927_A_G	14:52953640:A:G	14	52953640	0.0105694654330878	13.3214816209599	0.6968	0.0797	4.769999999999839e-14	0.0737849780885704	0.010952814345424	0.0026840090595967	21170.721347997216	23066.705229301984	rs35413927	14	52953640	0.0269999999999999	0.0409999999999999	0.004	0.026	A	A	G	14:53420358:A:G	14:53420358:A:G	0.0
rs4899524_C_T	14:74602393:C:T	14	74602393	0.0094246213597103	11.6840296545431	0.4837	0.0662	2.069999999999918e-12	0.0608284781754501	0.0096648063460598	0.0021888912590327	22576.029798287564	23066.705229301984	rs4899524	14	74602393	-0.0147	0.004	-0.0375999999999999	-0.0184999999999999	C	T	C	14:75069096:C:T	14:75069096:C:T	0.0
rs8034017_A_G	15:73929702:A:G	15	73929702	0.0129995906300482	52.3535962737769	0.8464	0.199	4.430000000000298e-53	0.193680935320047	0.0137006485118047	0.0102968175820799	22839.76408276975	23066.705229301984	rs8034017	15	73929702	0.0529999999999999	0.024	0.012	0.036	A	A	G	15:74222043:A:G	15:74222043:A:G	0.0
rs12899036_A_C	15:57184254:C:A	15	57184254	0.0094227658723073	11.7851561519523	0.4625	0.0666	1.640000000000007e-12	0.0612512140605843	0.009659322754949	0.0022053049875	22615.15534277948	23066.705229301984	rs12899036	15	57184254	0.0449999999999999	0.034	0.0709999999999999	0.046	C	C	A	15:57476452:C:A	15:57476452:A:C	0.0
rs2279299_G_T	15:56675923:G:T	15	56675923	0.0098331548425234	8.1249387366083	0.3695	0.0569	7.500000000000001e-09	0.0498156516705512	0.0109982709347589	0.001508530384595	22141.16579073992	23066.705229301984	rs2279299	15	56675923	-0.0273999999999999	-0.0379	-0.0182999999999999	-0.0248	G	T	G	15:56968121:G:T	15:56968121:G:T	0.0
rs12150284_C_T	17:10127773:C:T	17	10127773	0.0097291413305794	42.9706162223148	0.6263	0.135	1.0699999999999696e-43	0.130795719675388	0.0096403629814287	0.0085310608995	22525.54295935111	23066.705229301984	rs12150284	17	10127773	0.0909999999999999	0.0889999999999999	0.0509999999999999	0.082	C	C	T	17:10031090:C:T	17:10031090:C:T	0.0
rs116872185_C_T	17:61031524:C:T	17	61031524	0.0226405230330922	8.12436006299583	0.04104	0.131	7.510000000000026e-09	0.108204265048703	0.0236548001461202	0.0013507669669248	24725.234469792675	23066.705229301984	rs116872185	17	61031524	-0.0013999999999999	0.1240000000000001	-0.0664	-0.0019	C	T	C	17:59108885:C:T	17:59108885:C:T	0.0
rs6107818_A_G	20:6501938:G:A	20	6501938	0.0093766455858653	11.8068754016455	0.5807	0.0663	1.5600000000001357e-12	0.0609917055567574	0.0096091757320193	0.0021405912256638	23344.69158073141	23066.705229301984	rs6107818	20	6501938	0.0729999999999999	0.064	0.006	0.054	G	G	A	20:6482585:G:A	20:6482585:A:G	0.0
rs45465601_C_T	22:19881155:T:C	22	19881155	0.015349626915567	9.70553377383841	0.8504	0.098	1.9699999999999896e-10	0.0869948887844551	0.0162013503649058	0.00244363868672	16572.085043613355	23066.705229301984	rs45465601	22	19881155	0.0769999999999999	0.084	0.0409999999999999	0.0629999999999999	T	T	C	22:19868678:T:C	22:19868678:C:T	0.0
rs13054052_A_C	22:37734378:A:C	22	37734378	0.0095033630080961	9.43889861635094	0.378	0.0596	3.640000000000033e-10	0.0536228848726408	0.010063077644762	0.0016703393011199	23526.358263538936	23066.705229301984	rs13054052	22	37734378	0.058	0.08	0.044	0.0569999999999999	A	A	C	22:38130385:A:C	22:38130385:A:C	0.0
rs695272_C_T	22:28460772:T:C	22	28460772	0.0104063725238796	8.88941028970075	0.6627	0.0632	1.2900000000000022e-09	0.0561669579659024	0.0110951443274171	0.0017856546292608	20624.570776831675	23066.705229301984	rs695272	22	28460772	-0.1037	-0.1077	-0.0954	-0.1008999999999999	T	C	T	22:28856760:T:C	22:28856760:C:T	0.0
rs8142788_A_G	22:29004527:G:A	22	29004527	0.0139476643510551	8.4907974776689	0.1611	0.0825	3.229999999999974e-09	0.0718314756476747	0.0150551834148947	0.001839685678875	19046.73684205006	23066.705229301984	rs8142788	22	29004527	-0.0558999999999999	-0.0676	-0.0750999999999999	-0.0585999999999999	G	A	G	22:29400515:G:A	22:29400515:A:G	0.05290000877380406
rs6005631_A_G	22:27810206:A:G	22	27810206	0.0115446504837024	7.37468754903833	0.2753	0.0633	4.219999999999961e-08	0.0538561584008545	0.0131582279254622	0.0015988285265597	18792.27344939545	23066.705229301984	rs6005631	22	27810206	-0.0382	-0.0346999999999999	-0.0276999999999999	-0.0342	A	G	A	22:28206194:A:G	22:28206194:A:G	0.0
