SNP_ID_ALLELE	snp	chr	pos	se	neglog10p	raf	rbeta	pval	PosteriorMean	PosteriorSD	var_exp	n_eff	median_n_eff	rsid	chrom_hg38	pos_hg38	or_mvp_EUR	or_mvp_AFR	or_mvp_META	ea_mvp	rallele	pallele	snp_hg19	snp_hg19_sorted	max_r2
rs11249433_A_G	1:121538815:A:G	1	121538815	0.0065	51.7545166015625	0.403	0.0988	1.759881388391548e-52	0.0973589151453536	0.0065431584847058	0.0046970292220799	49484.39989339999	51549.66114663611	rs11249433	1	121538815	-0.0652	0.0309999999999999	-0.0464999999999999	A	G	A	1:121280613:A:G	1:121280613:A:G	0.0
rs3879977_A_G	1:120018691:A:G	1	120018691	0.0094	26.2192516326904	0.2648	0.1005	6.0359879946549275e-27	0.0974225743307361	0.0095509391078879	0.00393265273248	29376.12145734025	51549.66114663611	rs3879977	1	120018691	-0.0211999999999999	0.028	-0.0089	A	G	A	1:120561314:A:G	1:120561314:A:G	0.0
rs2506889_C_T	1:10535965:C:T	1	10535965	0.0067	19.6230583190918	0.6815	0.0615	2.381999581850013e-20	0.0584248728984754	0.0068237538437817	0.001641933349875	52039.44817549027	51549.66114663611	rs2506889	1	10535965	0.0529999999999999	0.1619999999999999	0.06	C	C	T	1:10596022:C:T	1:10596022:C:T	0.0
rs2992756_C_T	1:18480845:T:C	1	18480845	0.0063	14.7947956360519	0.4806	0.0506	1.603999999999836e-15	0.0476623993218349	0.0063251586180958	0.0012782527658208	49676.866890571735	51549.66114663611	rs2992756	1	18480845	-0.0076	-0.0696999999999999	-0.0238	T	T	C	1:18807339:T:C	1:18807339:C:T	0.0
rs11205303_C_T	1:149934520:T:C	1	149934520	0.0064	13.9434762759209	0.3998	0.0497	1.1389999999999972e-14	0.0466617912344366	0.0064225767086617	0.0011854453951928	50310.15369202623	51549.66114663611	rs11205303	1	149934520	-0.0807999999999999	-0.0988	-0.0778999999999999	T	C	T	1:149906413:T:C	1:149906413:C:T	0.0
rs72755295_A_G	1:241870961:A:G	1	241870961	0.0179	13.7835701691237	0.0309	0.1376	1.6460000000001887e-14	0.127744930477476	0.0182622654288537	0.0011339500812288	51955.89115557253	51549.66114663611	rs72755295	1	241870961	0.006	0.0169999999999999	0.022	A	G	A	1:242034263:A:G	1:242034263:A:G	0.0
rs35383942_C_T	1:201468704:C:T	1	201468704	0.0139	12.4210171572972	0.0562	0.101	3.7930000000000824e-13	0.0936107190550608	0.0146569328158461	0.00108215390712	48743.09458955733	51549.66114663611	rs35383942	1	201468704	-0.1182999999999999	-0.1080999999999999	-0.1158	C	T	C	1:201437832:C:T	1:201437832:C:T	0.0
rs7513707_A_G	1:113903258:G:A	1	113903258	0.0082	10.7705741520793	0.1661	0.0554	1.696000000000019e-11	0.0505172435905782	0.0083230278546512	0.0008502235524727	53272.61076733799	51549.66114663611	rs7513707	1	113903258	-0.0275999999999999	-0.2158	-0.0437999999999999	G	A	G	1:114445880:G:A	1:114445880:A:G	0.0
rs4971059_A_G	1:155176305:G:A	1	155176305	0.0064	10.3165026823202	0.3632	0.0424	4.8249999999998715e-11	0.0392764758845734	0.0064988479858629	0.0008315925757952	52004.92115462601	51549.66114663611	rs4971059	1	155176305	-0.0899999999999999	-0.0782	-0.0890999999999999	G	A	G	1:155148781:G:A	1:155148781:A:G	0.0
rs59867004_C_T	1:203832121:T:C	1	203832121	0.007	9.85387196432566	0.2724	0.0446	1.3999999999874368e-10	0.0408698788684498	0.0071184405660788	0.0007884960221568	52205.310379840565	51549.66114663611	rs59867004	1	203832121	-0.0702	-0.0766	-0.0917999999999999	T	C	T	1:203801249:T:C	1:203801249:C:T	0.0
rs7529522_C_T	1:117687599:T:C	1	117687599	0.0075	9.76095090685976	0.2338	0.0478	1.7340000000001938e-10	0.0435694079592946	0.007600710060201	0.0008186013251808	49774.56616210388	51549.66114663611	rs7529522	1	117687599	-0.0996	0.0249999999999999	-0.0638999999999999	T	C	T	1:118230221:T:C	1:118230221:C:T	0.0
rs12091730_A_G	1:155587180:G:A	1	155587180	0.0073	9.63620005452094	0.2322	0.0464	2.3109999999997408e-10	0.0423703496753443	0.0074081700258045	0.0007676730243071	52345.57193692771	51549.66114663611	rs12091730	1	155587180	-0.0938999999999999	0.026	-0.0974	G	A	G	1:155556971:G:A	1:155556971:A:G	0.1296000102996828
rs4659288_A_G	1:120119675:G:A	1	120119675	0.0121	9.0709388759152	0.1466	0.074	8.493000000000677e-10	0.0650826039341326	0.0130039806596905	0.0013701876348799	27473.23136779357	51549.66114663611	rs4659288	1	120119675	-0.0386999999999999	0.161	-0.0349	G	A	G	1:120662260:G:A	1:120662260:A:G	0.03240000257492068
rs11117758_A_G	1:217047232:G:A	1	217047232	0.0076	8.4086014487184	0.7914	0.0449	3.903000000003155e-09	0.040412185495228	0.0078543878788808	0.0006656302150008	52088.260414722696	51549.66114663611	rs11117758	1	217047232	0.0129999999999999	-0.1362	-0.0165999999999999	G	G	A	1:217220574:G:A	1:217220574:A:G	0.0
rs4233486_C_T	1:40914768:C:T	1	40914768	0.0069	8.0416750683562	0.6514	0.0396	9.084999999994698e-09	0.0356218676494861	0.0073648939304021	0.0007121893984128	46375.03825453216	51549.66114663611	rs4233486	1	40914768	-0.0198	0.1259999999999999	0.018	C	T	C	1:41380440:C:T	1:41380440:C:T	0.0
rs17426269_A_G	1:87691240:G:A	1	87691240	0.0086	7.75895184932597	0.1488	0.0487	1.742000000009568e-08	0.0429923360276137	0.008945857183399	0.0006007896803327	52868.37033381037	51549.66114663611	rs17426269	1	87691240	-0.1117	-0.0454999999999999	-0.1122999999999999	G	A	G	1:88156923:G:A	1:88156923:A:G	0.0
rs1707302_A_G	1:46135245:A:G	1	46135245	0.0066	7.5304725208116	0.6641	0.0364	2.948000000009412e-08	0.0323457271487972	0.0073324285277094	0.0005911208078048	52005.35852434552	51549.66114663611	rs1707302	1	46135245	-0.015	-0.0157	-0.0165999999999999	A	G	A	1:46600917:A:G	1:46600917:A:G	0.0
rs11583393_A_C	1:87963341:C:A	1	87963341	0.0072	7.44237251157028	0.751	0.0396	3.611000000024056e-08	0.0351160169438677	0.0078419143984239	0.00058648870368	51745.05052903678	51549.66114663611	rs11583393	1	87963341	0.1109999999999999	0.048	0.0909999999999999	C	C	A	1:88429024:C:A	1:88429024:A:C	0.0
rs79724016_G_T	1:41671640:T:G	1	41671640	0.0177	7.41318773055536	0.9666	0.0975	3.8620000000112415e-08	0.0827377473711677	0.0203133165609355	0.0006138079154999	49229.64336338621	51549.66114663611	rs79724016	1	41671640	0.1060000000000001	0.102	0.074	T	T	G	1:42137311:T:G	1:42137311:G:T	0.0016000005245209148
rs2765893_A_G	1:50364207:G:A	1	50364207	0.0062	7.40208552879631	0.5101	0.0341	3.962000000010595e-08	0.0302166209165077	0.0070141233164862	0.0005811677635037	51909.219827819375	51549.66114663611	rs2765893	1	50364207	-0.0473	0.0609999999999999	-0.004	G	G	A	1:50829879:G:A	1:50829879:A:G	0.0
rs666930_C_T	1:119716347:T:C	1	119716347	0.0063	7.32891976726387	0.5338	0.0347	4.6889999999706376e-08	0.0307873304890077	0.0070911191034006	0.0005992937988408	49794.081876164106	51549.66114663611	rs666930	1	119716347	0.0009999999999998	-0.0535999999999999	-0.0024999999999999	T	C	T	1:120258970:T:C	1:120258970:C:T	0.0
rs4442975_G_T	2:217056046:G:T	2	217056046	0.0061	94.943115234375	0.4979	0.1274	1.1399472772910037e-95	0.126244971970746	0.0061083622448935	0.0081152368446968	53073.93769621455	51549.66114663611	rs4442975	2	217056046	0.153	0.1259999999999999	0.139	G	G	T	2:217920769:G:T	2:217920769:G:T	0.0
rs11693806_C_G	2:217427435:C:G	2	217427435	0.007	25.4687767028809	0.2712	0.0739	3.397999394299247e-26	0.071191575633244	0.007206348581547	0.0021588224295552	51926.28124405503	51549.66114663611	rs11693806	2	217427435	0.084	-0.0195999999999999	0.042	C	C	G	2:218292158:C:G	2:218292158:C:G	0.0
rs4848599_C_T	2:120481784:T:C	2	120481784	0.01	19.7999706268311	0.8845	0.0933	1.5850003891023418e-20	0.0894017988625154	0.0103322585402417	0.001778578772355	48494.24812028783	51549.66114663611	rs4848599	2	120481784	-0.0928999999999999	-0.1417	-0.1231999999999999	T	C	T	2:121239360:T:C	2:121239360:C:T	0.0
rs72953532_C_T	2:217177160:C:T	2	217177160	0.0208	17.6763362884521	0.9681	0.1819	2.10699600203718e-18	0.170743724890906	0.0212478772430356	0.0020436489523758	37475.718149387365	51549.66114663611	rs72953532	2	217177160	0.1009999999999999	0.0789999999999999	0.096	C	C	T	2:218041883:C:T	2:218041883:C:T	0.002499999701976779
rs3769821_C_T	2:201258707:C:T	2	201258707	0.0065	17.4013195037842	0.3317	0.0565	3.968994492031409e-18	0.0534628560651119	0.0065730168307792	0.001415284739795	53230.82017189078	51549.66114663611	rs3769821	2	201258707	0.08	0.0169999999999999	0.0629999999999999	C	C	T	2:202123430:C:T	2:202123430:C:T	0.0
rs11684853_G_T	2:19111157:G:T	2	19111157	0.0062	11.9519468268844	0.4394	0.0442	1.1169999999999756e-12	0.0413155816612287	0.0062338021299604	0.0009624710612192	52601.02161000978	51549.66114663611	rs11684853	2	19111157	0.0709999999999999	0.1599999999999999	0.088	G	G	T	2:19310918:G:T	2:19310918:G:T	0.0
rs6725517_A_G	2:24906604:A:G	2	24906604	0.0067	11.5331323796459	0.5912	0.0468	2.929999999999932e-12	0.0434435374969891	0.0067368366696719	0.0010586856204288	46033.43781658275	51549.66114663611	rs6725517	2	24906604	0.0489999999999999	0.032	0.0429999999999999	A	A	G	2:25129473:A:G	2:25129473:A:G	0.0
rs2016394_A_G	2:172108243:G:A	2	172108243	0.0062	11.2052332020592	0.5252	0.0425	6.233999999999707e-12	0.0395885315020808	0.006268200990537	0.000900830918	52456.66390067393	51549.66114663611	rs2016394	2	172108243	0.076	-0.0612	0.034	G	G	A	2:172972971:G:A	2:172972971:A:G	0.0
rs4674124_C_T	2:216883915:C:T	2	216883915	0.0082	10.9586073148421	0.8229	0.056	1.0999999999991774e-11	0.0511357502400004	0.0083281460337104	0.00091405362048	50480.33873016332	51549.66114663611	rs4674124	2	216883915	0.0709999999999999	-0.2137	0.0209999999999999	C	C	T	2:217748638:C:T	2:217748638:C:T	0.0
rs6436017_A_G	2:217858732:A:G	2	217858732	0.0063	9.46635502120125	0.5042	0.0399	3.4169999999998947e-10	0.0367731427543373	0.0065035634833644	0.0007959488338871	49526.3593744527	51549.66114663611	rs6436017	2	217858732	-0.0645	-0.0335999999999999	-0.0512	A	G	A	2:218723455:A:G	2:218723455:A:G	0.000400000056624414
rs113577745_C_G	2:9995553:C:G	2	9995553	0.0102	9.40837896178664	0.0992	0.064	3.905000000000363e-10	0.0568967741520538	0.0106161949862717	0.00073203187712	53494.653009139125	51549.66114663611	rs113577745	2	9995553	0.014	-0.0937	-0.0211	C	G	C	2:10135681:C:G	2:10135681:C:G	0.0
rs2010610_C_G	2:173346180:C:G	2	173346180	0.0086	9.37417328671427	0.8437	0.0535	4.225000000000175e-10	0.048047967844477	0.0087599186132581	0.0007548915895949	51671.026307799926	51549.66114663611	rs2010610	2	173346180	-0.0275999999999999	-0.0306999999999999	-0.0394999999999999	C	G	C	2:174210908:C:G	2:174210908:C:G	0.0
rs116547900_C_T	2:217309655:C:T	2	217309655	0.0092	8.76371472255232	0.8594	0.0551	1.7229999999986155e-09	0.0488825545145338	0.0094403480086493	0.0007336921347127	49426.99846955772	51549.66114663611	rs116547900	2	217309655	0.0489999999999999	-0.0567999999999999	0.0469999999999999	C	C	T	2:218174378:C:T	2:218174378:C:T	0.0
rs11903787_A_G	2:120330606:G:A	2	120330606	0.0076	8.62635252779091	0.7595	0.0451	2.363999999999303e-09	0.0406254179342408	0.0078405144489762	0.000743063516195	47974.25865087238	51549.66114663611	rs11903787	2	120330606	0.072	0.131	0.078	G	G	A	2:121088182:G:A	2:121088182:A:G	0.0
rs11680449_A_G	2:171513371:G:A	2	171513371	0.0069	8.350567776758	0.7177	0.0404	4.461000000003938e-09	0.0365219106664688	0.0072747963886629	0.0006613731355871	52030.253336677975	51549.66114663611	rs11680449	2	171513371	0.0409999999999999	-0.0182999999999999	0.0249999999999999	G	G	A	2:172369881:G:A	2:172369881:A:G	0.0
rs113953597_A_G	2:25222417:G:A	2	25222417	0.0078	7.97387548325787	0.2188	0.0446	1.0619999999918814e-08	0.0397931544537125	0.0081567237760729	0.0006800005521792	48123.9639957953	51549.66114663611	rs113953597	2	25222417	-0.0442	0.012	-0.0318	G	A	G	2:25445286:G:A	2:25445286:A:G	0.0
rs12479355_A_G	2:226362236:A:G	2	226362236	0.0076	7.62745619923953	0.7912	0.0426	2.358000000007598e-08	0.0378925264708662	0.0080736946780951	0.0005996059955711	51992.2438388187	51549.66114663611	rs12479355	2	226362236	0.048	-0.0561	0.0169999999999999	A	A	G	2:227226952:A:G	2:227226952:A:G	0.0
rs7626742_G_T	3:27226907:G:T	3	27226907	0.0062	62.7926368713379	0.5327	0.1046	1.6119929149685266e-63	0.103343131864385	0.0062187935679112	0.0054471814540472	51965.68406537095	51549.66114663611	rs7626742	3	27226907	-0.0653	-0.0998	-0.0678999999999999	G	T	G	3:27268398:G:T	3:27268398:G:T	0.0
rs56387622_C_T	3:46846708:T:C	3	46846708	0.0106	18.2624092102051	0.8988	0.0942	5.465007846012906e-19	0.0898219505803028	0.0109895171745909	0.0016142670327167	49095.218000841305	51549.66114663611	rs56387622	3	46846708	0.052	0.0129999999999999	0.036	T	T	C	3:46888198:T:C	3:46888198:C:T	0.0
rs6787391_C_T	3:4686890:C:T	3	4686890	0.0064	18.0422496795654	0.3807	0.0567	9.072987664861011e-19	0.0537604183408779	0.0064720741220237	0.0015159332204478	51619.24768330518	51549.66114663611	rs6787391	3	4686890	-0.0538999999999999	-0.0413	-0.0461	C	T	C	3:4728574:C:T	3:4728574:C:T	0.0
rs7650602_C_T	3:141428572:T:C	3	141428572	0.0063	14.2059304160184	0.4422	0.0489	6.223999999999526e-15	0.0459509079383305	0.0063181024659393	0.0011796276999672	51566.646537161534	51549.66114663611	rs7650602	3	141428572	-0.0508999999999999	-0.01	-0.0352	T	C	T	3:141147414:T:C	3:141147414:C:T	0.0
rs17838698_C_T	3:30643415:C:T	3	30643415	0.0067	13.8013429130456	0.2978	0.0517	1.5799999999999176e-14	0.0483898635796853	0.0067385242082409	0.0011178836400248	52774.64343604906	51549.66114663611	rs17838698	3	30643415	-0.0671	-0.0268	-0.0456999999999999	C	T	C	3:30684907:C:T	3:30684907:C:T	0.0
rs3821902_G_T	3:63956021:T:G	3	63956021	0.0089	11.5243288116756	0.1358	0.0623	2.9899999999997944e-12	0.0568522705151706	0.0091592937984834	0.0009110036581688	53452.23578861912	51549.66114663611	rs3821902	3	63956021	-0.0695	-0.0007	-0.0852	T	G	T	3:63941697:T:G	3:63941697:G:T	0.0
rs58058861_A_G	3:172567447:G:A	3	172567447	0.0074	9.71964930695401	0.2172	0.0474	1.9069999999999343e-10	0.0432787164892918	0.0074960416710391	0.0007640069634431	53088.121874761695	51549.66114663611	rs58058861	3	172567447	-0.0562	0.0149999999999999	-0.0341	G	A	G	3:172285237:G:A	3:172285237:A:G	0.0
rs9833888_G_T	3:100004736:G:T	3	100004736	0.0074	9.28810845011947	0.2259	0.0457	5.15099999999942e-10	0.0415222835115377	0.0075533735145921	0.0007304251092461	52872.209124265806	51549.66114663611	rs9833888	3	100004736	-0.0930999999999999	0.292	-0.0373	G	T	G	3:99723580:G:T	3:99723580:G:T	0.0
rs13066793_A_G	3:86988393:A:G	3	86988393	0.0112	8.98422124361059	0.9075	0.0685	1.0370000000008824e-09	0.0603079602531331	0.0118449822128255	0.000787770121875	47290.49483751169	51549.66114663611	rs13066793	3	86988393	-0.0413999999999999	0.0369999999999999	-0.0303999999999999	A	A	G	3:87037543:A:G	3:87037543:A:G	0.0
rs56138756_A_G	3:27608457:A:G	3	27608457	0.0088	8.18681946741435	0.8473	0.0508	6.503999999994573e-09	0.0449329467413982	0.0090824537349718	0.0006677803934687	50432.390334256605	51549.66114663611	rs56138756	3	27608457	-0.1061999999999999	0.0249999999999999	-0.0827	A	A	G	3:27649948:A:G	3:27649948:A:G	0.0
rs1717609_A_G	3:99662115:G:A	3	99662115	0.0063	8.10385974855762	0.3841	0.0366	7.873000000006545e-09	0.0331010553890881	0.0068208043268355	0.0006337918900728	52550.73609116342	51549.66114663611	rs1717609	3	99662115	0.014	-0.0683	-0.0174999999999999	G	G	A	3:99380959:G:A	3:99380959:A:G	0.0
rs6805189_C_T	3:71482962:T:C	3	71482962	0.0062	7.33686468504311	0.5249	0.0339	4.603999999990844e-08	0.0299595375155015	0.0070445427178429	0.0005731799566158	52124.56008866467	51549.66114663611	rs6805189	3	71482962	0.056	0.094	0.0649999999999999	T	T	C	3:71532113:T:C	3:71532113:C:T	0.0
rs7697216_C_T	4:174906885:T:C	4	174906885	0.0098	25.7931823730469	0.8819	0.1039	1.6099694196191527e-26	0.100641109107945	0.0099314268234547	0.0022486938441038	50509.61556872169	51549.66114663611	rs7697216	4	174906885	-0.1109999999999999	0.066	-0.0432	T	C	T	4:175828036:T:C	4:175828036:C:T	0.0
rs6815814_A_C	4:38814717:A:C	4	38814717	0.0072	12.2124686838728	0.2525	0.052	6.130999999999522e-13	0.0481807514384718	0.0072536902649559	0.0010207262	50752.62706605022	51549.66114663611	rs6815814	4	38814717	0.018	0.042	0.028	A	C	A	4:38816338:A:C	4:38816338:A:C	0.0
rs62331150_G_T	4:105147856:G:T	4	105147856	0.0074	10.7335331045598	0.2263	0.0494	1.8469999999998225e-11	0.0453210867821282	0.0074652338696523	0.0008545570163832	52807.00289034416	51549.66114663611	rs62331150	4	105147856	-0.0848999999999999	0.2649999999999999	-0.0547999999999999	G	T	G	4:106069013:G:T	4:106069013:G:T	0.0
rs77528541_G_T	4:125922349:G:T	4	125922349	0.0096	8.84955059053937	0.8639	0.0583	1.4139999999991868e-09	0.0516770840055002	0.0098841856095468	0.0007992611515262	45854.142731778746	51549.66114663611	rs77528541	4	125922349	0.01	0.052	0.024	G	G	T	4:126843504:G:T	4:126843504:G:T	0.0
rs10022462_C_T	4:88322666:C:T	4	88322666	0.0062	8.8085489855348	0.4379	0.0375	1.554000000001088e-09	0.0342805453234927	0.0065694696896884	0.000692278846875	52674.4474010065	51549.66114663611	rs10022462	4	88322666	-0.0032999999999999	0.006	0.008	C	T	C	4:89243818:C:T	4:89243818:C:T	0.0
rs9284657_C_G	4:83497990:C:G	4	83497990	0.0062	8.47417804784345	0.5005	0.0366	3.355999999999127e-09	0.0332551167147376	0.0066688429545694	0.00066977933022	52204.50040638361	51549.66114663611	rs9284657	4	83497990	0.0209999999999999	0.0349999999999999	0.022	C	G	C	4:84419143:C:G	4:84419143:C:G	0.0
rs77928427_A_C	4:105435604:C:A	4	105435604	0.0072	7.5885486578627	0.2392	0.04	2.5789999999962166e-08	0.0355869459590651	0.0077832984257773	0.000582346752	53234.54830360226	51549.66114663611	rs77928427	4	105435604	-0.0930999999999999	0.042	-0.0636999999999999	C	A	C	4:106356761:C:A	4:106356761:A:C	0.04839998636245822
rs62355901_C_T	5:56757708:T:C	5	56757708	0.0082	97.4659423828125	0.1602	0.1734	3.420248154152357e-98	0.171707270380814	0.0082310933035082	0.0080903360989152	54670.06324639523	51549.66114663611	rs62355901	5	56757708	-0.1795999999999999	0.0869999999999999	-0.1304999999999999	T	C	T	5:56053535:T:C	5:56053535:C:T	0.0
rs10941679_A_G	5:44706396:A:G	5	44706396	0.0071	72.2511901855469	0.2522	0.1278	5.608023365865069e-73	0.126236549688572	0.0071134040948879	0.0061605891461087	52995.4163437906	51549.66114663611	rs10941679	5	44706396	-0.1060999999999999	-0.0887999999999999	-0.0964	A	G	A	5:44706498:A:G	5:44706498:A:G	0.0
rs11135046_G_T	5:158803005:G:T	5	158803005	0.0062	30.3296604156494	0.4471	0.0717	4.681010166448299e-31	0.0694985113736323	0.0063444400133449	0.0025416723640302	52841.94601841331	51549.66114663611	rs11135046	5	158803005	0.0629999999999999	0.0789999999999999	0.066	G	G	T	5:158230013:G:T	5:158230013:G:T	0.0
rs2853669_A_G	5:1295234:A:G	5	1295234	0.0069	20.3928661346436	0.6939	0.0651	4.047006159246373e-21	0.0619918710314887	0.0070633050713743	0.0018003302960958	49408.192149504335	51549.66114663611	rs2853669	5	1295234	0.1100000000000001	0.0949999999999999	0.1140000000000001	A	A	G	5:1295349:A:G	5:1295349:A:G	0.0
rs11750654_C_T	5:44494201:T:C	5	44494201	0.0086	19.7840976715088	0.8437	0.0798	1.6440019505949147e-20	0.0761057421099991	0.0089558619695821	0.0016795108177847	51311.70436848376	51549.66114663611	rs11750654	5	44494201	0.028	0.0929999999999999	0.0349999999999999	T	T	C	5:44494303:T:C	5:44494303:C:T	0.0
rs55821517_C_T	5:45333758:T:C	5	45333758	0.0072	18.3263339996338	0.734	0.0639	4.717001348109403e-19	0.0604467653747543	0.0073716083382775	0.0015944445064799	49887.97061465541	51549.66114663611	rs55821517	5	45333758	0.026	0.0769999999999999	0.0249999999999999	T	T	C	5:45333860:T:C	5:45333860:C:T	0.2208999708652506
rs13355269_G_T	5:44599705:G:T	5	44599705	0.0096	16.4251594543457	0.8787	0.0804	3.7569943820881757e-17	0.0757472639003135	0.0100875275937388	0.0013779819232991	51452.42915450566	51549.66114663611	rs13355269	5	44599705	0.0769999999999999	-0.0906	0.0149999999999999	G	G	T	5:44599807:G:T	5:44599807:G:T	0.0
rs13186320_A_T	5:44302075:A:T	5	44302075	0.0062	14.2935382623686	0.515	0.0483	5.087000000000536e-15	0.0454407025779082	0.0062148522029096	0.0011653951995	52537.18552847737	51549.66114663611	rs13186320	5	44302075	-0.0545999999999999	-0.0866	-0.0649999999999999	A	T	A	5:44302177:A:T	5:44302177:A:T	0.0
rs4081859_A_G	5:82170850:G:A	5	82170850	0.0073	12.1502121757623	0.7517	0.0521	7.07600000000023e-13	0.0481748396003184	0.0073578284562965	0.0010132735637102	50848.15287064726	51549.66114663611	rs4081859	5	82170850	-0.0209	-0.0501	-0.025	G	A	G	5:81466669:G:A	5:81466669:A:G	0.0
rs332529_A_G	5:91493653:G:A	5	91493653	0.0089	11.0449860969619	0.8395	0.0606	9.016000000001043e-12	0.0550573173145746	0.0091314333423819	0.0009896257366199	47019.23393770349	51549.66114663611	rs332529	5	91493653	0.1599999999999999	-0.0567999999999999	0.0269999999999999	G	G	A	5:90789470:G:A	5:90789470:A:G	0.0
rs4702131_C_T	5:16233510:T:C	5	16233510	0.0062	10.9991322784688	0.4388	0.0424	1.0019999999999387e-11	0.0394862743105653	0.0062709797553956	0.0008854131955711	52319.7096910153	51549.66114663611	rs4702131	5	16233510	-0.0030999999999999	0.141	0.03	T	T	C	5:16233619:T:C	5:16233619:C:T	0.0
rs27279_C_T	5:50942685:C:T	5	50942685	0.0068	10.1794701514765	0.5022	0.0444	6.614999999999712e-11	0.0408939459117156	0.0068923778992272	0.0009856609172352	43249.78404682986	51549.66114663611	rs27279	5	50942685	0.056	-0.0189	0.034	C	C	T	5:50238519:C:T	5:50238519:C:T	0.0
rs2420209_A_C	5:158690750:C:A	5	158690750	0.0081	9.99439055463972	0.8021	0.0523	1.0129999999999987e-10	0.047452949973175	0.0082092324278986	0.0008683757439422	48131.47109180155	51549.66114663611	rs2420209	5	158690750	-0.0946	0.01	-0.0692	C	A	C	5:158117758:C:A	5:158117758:A:C	0.0
rs537267133_C_T	5:59069526:T:C	5	59069526	0.0113	9.7124221909213	0.9097	0.0718	1.938999999999975e-10	0.0638611721460617	0.0120159804625488	0.0008469637621368	47849.95661415642	51549.66114663611	rs537267133	5	59069526	0.072	0.288	0.102	T	T	C	5:58365353:T:C	5:58365353:C:T	0.0
rs4562056_G_T	5:170164483:G:T	5	170164483	0.0067	9.32615002265709	0.3323	0.0416	4.718999999999567e-10	0.0380933157134812	0.0069028182184029	0.0007679419185151	50511.84475962906	51549.66114663611	rs4562056	5	170164483	-0.0312	0.0249999999999999	-0.0231	G	T	G	5:169591487:G:T	5:169591487:G:T	0.0
rs72749841_C_T	5:50345811:T:C	5	50345811	0.0114	9.14206473528066	0.8516	0.0705	7.209999999998507e-10	0.0622345339849316	0.0121128706454293	0.0012562549423199	30219.164218362737	51549.66114663611	rs72749841	5	50345811	0.048	0.046	0.074	T	T	C	5:49641645:T:C	5:49641645:C:T	0.0
rs6882649_G_T	5:111882089:G:T	5	111882089	0.0066	8.43509732747043	0.6651	0.0388	3.672000000003086e-09	0.0351720983402843	0.0070094164512999	0.0006706494028512	51875.527590377584	51549.66114663611	rs6882649	5	111882089	0.0409999999999999	0.0049999999999998	0.0189999999999999	G	T	G	5:111217786:G:T	5:111217786:G:T	0.0
rs62641919_C_T	5:344994:T:C	5	344994	0.0136	8.42055940285991	0.0544	0.0804	3.797000000002562e-09	0.0699792635271742	0.0149320910544414	0.0006650410549248	52215.00494134256	51549.66114663611	rs62641919	5	344994	0.074	-0.028	0.002	T	C	T	5:345109:T:C	5:345109:C:T	0.0
rs12519859_A_G	5:32581080:G:A	5	32581080	0.0063	8.23897474828846	0.4748	0.0365	5.768000000002231e-09	0.0329836183881949	0.0068336362359369	0.00066443293592	51038.09482439375	51549.66114663611	rs12519859	5	32581080	-0.0332999999999999	-0.0483	-0.0423999999999999	G	A	G	5:32581186:G:A	5:32581186:A:G	0.0
rs6596100_C_T	5:133071366:C:T	5	133071366	0.0076	8.1111468330173	0.7573	0.0439	7.7419999999958e-09	0.0393335062374114	0.0079355725593081	0.0007084297149582	47060.22371908637	51549.66114663611	rs6596100	5	133071366	-0.0695	-9.9999999999989e-05	-0.0406999999999999	C	C	T	5:132407058:C:T	5:132407058:C:T	0.0
rs10472076_C_T	5:58888234:T:C	5	58888234	0.0064	8.01583287285303	0.3766	0.0364	9.641999999999593e-09	0.0327007783691355	0.0070044025541857	0.0006221281842048	52902.48261513317	51549.66114663611	rs10472076	5	58888234	0.004	-0.0655999999999999	-0.015	T	C	T	5:58184061:T:C	5:58184061:C:T	0.0
rs984113_C_G	5:56616706:G:C	5	56616706	0.0066	7.6815192748254	0.3795	0.0369	2.082000000000394e-08	0.0329564167997416	0.0072562912449131	0.000641263164795	48991.645303214704	51549.66114663611	rs984113	5	56616706	0.1009999999999999	-0.1464999999999999	0.0329999999999999	G	G	C	5:55912533:G:C	5:55912533:C:G	0.0
rs72774916_C_T	5:81820020:C:T	5	81820020	0.0116	7.65777477063966	0.9076	0.0648	2.1989999999977177e-08	0.0554641511965749	0.0123528881119842	0.0007042818004992	44457.18579447639	51549.66114663611	rs72774916	5	81820020	0.086	0.0069999999999998	0.0589999999999999	C	C	T	5:81115839:C:T	5:81115839:C:T	0.0
rs60954078_A_G	6:151634779:A:G	6	151634779	0.0117	53.5466918945312	0.07	0.1817	2.839933073384713e-54	0.17832626827096	0.0117695999380029	0.004298538678	55983.78910674535	51549.66114663611	rs60954078	6	151634779	-0.126	-0.0479	-0.0760999999999999	A	G	A	6:151955914:A:G	6:151955914:A:G	0.0
rs2747652_C_T	6:152115881:T:C	6	152115881	0.0062	25.8837242126465	0.5263	0.0663	1.3070006012126008e-26	0.063855314485186	0.0063287101850148	0.0021917640903678	52010.18252796284	51549.66114663611	rs2747652	6	152115881	-0.0746999999999999	-0.0203999999999999	-0.0666999999999999	T	C	T	6:152437016:T:C	6:152437016:C:T	0.0
rs6904031_A_T	6:151734843:A:T	6	151734843	0.0125	25.1531677246094	0.0643	0.1314	7.028008456486664e-26	0.126580337567264	0.0125886429064678	0.0020776305780791	53262.06770955228	51549.66114663611	rs6904031	6	151734843	-0.0973	-0.0709999999999999	-0.0662	A	T	A	6:152055978:A:T	6:152055978:A:T	0.0009000000715255693
rs9361840_A_G	6:81545215:A:G	6	81545215	0.0072	13.1463626180414	0.2368	0.0541	7.139000000000107e-14	0.0503162782814823	0.0072688997261171	0.0010578999232512	52962.99443063952	51549.66114663611	rs9361840	6	81545215	-0.0722	-0.0796	-0.0572	A	G	A	6:82254932:A:G	6:82254932:A:G	0.0
rs418053_C_G	6:13713134:G:C	6	13713134	0.0063	12.9226320947158	0.4315	0.0465	1.1950000000001206e-13	0.0435378262789084	0.0063189184551668	0.001060833364875	51861.92969839335	51549.66114663611	rs418053	6	13713134	0.0969999999999999	-0.0362	0.0649999999999999	G	G	C	6:13713366:G:C	6:13713366:C:G	0.0
rs2008930_A_C	6:151494919:C:A	6	151494919	0.0234	12.2851674875667	0.0184	0.1693	5.185999999999619e-13	0.154158407105857	0.0241772140619925	0.0010353716867712	50352.1829655337	51549.66114663611	rs2008930	6	151494919	-0.1115	-0.4167999999999999	-0.1694999999999999	C	A	C	6:151816054:C:A	6:151816054:A:C	0.0
rs6569648_C_T	6:130027974:C:T	6	130027974	0.0073	11.5263670731262	0.7643	0.0512	2.975999999999714e-12	0.0472609670034891	0.0073546747417168	0.0009444812914688	51567.33900556355	51549.66114663611	rs6569648	6	130027974	-0.0435999999999999	-0.2047999999999999	-0.0486999999999999	C	T	C	6:130349119:C:T	6:130349119:C:T	0.0
rs2223621_C_T	6:20621007:T:C	6	20621007	0.0065	9.51769823277652	0.3838	0.0408	3.0360000000002664e-10	0.0374897891021057	0.0066994379048138	0.0007873665965568	50359.40898239814	51549.66114663611	rs2223621	6	20621007	0.022	0.1899999999999999	0.04	T	T	C	6:20621238:T:C	6:20621238:C:T	0.0
rs12207986_A_G	6:80384570:G:A	6	80384570	0.0062	8.83863199775806	0.5362	0.0375	1.450000000023253e-09	0.0342805453234927	0.0065694696896884	0.0006994393875	52328.23173828712	51549.66114663611	rs12207986	6	80384570	-0.0091999999999999	-0.1391	-0.0233999999999999	G	A	G	6:81094287:G:A	6:81094287:A:G	0.0
rs3819405_C_T	6:16399326:C:T	6	16399326	0.007	7.78357016912196	0.6536	0.0395	1.64600000000678e-08	0.0353453742317997	0.0075324755289404	0.00070650316832	45113.55851519711	51549.66114663611	rs3819405	6	16399326	-0.0343999999999999	0.036	0.0089999999999998	C	C	T	6:16399557:C:T	6:16399557:C:T	0.0
rs11977670_A_G	7:140242504:G:A	7	140242504	0.0063	15.9796390533447	0.4315	0.0522	1.0479991892139507e-16	0.0492776175161528	0.0063350064568739	0.00133684873902	51521.91003590596	51549.66114663611	rs11977670	7	140242504	-0.0161999999999999	-0.0508999999999999	-0.0332	G	A	G	7:139942304:G:A	7:139942304:A:G	0.0
rs17268829_C_T	7:94484487:T:C	7	94484487	0.0068	12.3477536589967	0.2804	0.0495	4.489999999999762e-13	0.0460673512775569	0.0068321635786502	0.00098880250392	53009.79763372332	51549.66114663611	rs17268829	7	94484487	-0.0472	-0.0701	-0.0426999999999999	T	C	T	7:94113799:T:C	7:94113799:C:T	0.0
rs68056147_A_G	7:130989722:G:A	7	130989722	0.0069	12.2707541927747	0.299	0.0501	5.360999999999924e-13	0.0465710501826538	0.0069365240572853	0.00105219117198	49485.35701766348	51549.66114663611	rs68056147	7	130989722	-0.0718999999999999	-0.1516999999999999	-0.0746999999999999	G	A	G	7:130674481:G:A	7:130674481:A:G	0.0
rs62485509_G_T	7:144351809:G:T	7	144351809	0.0079	11.3515424057175	0.7708	0.0545	4.450999999999762e-12	0.0499489685188635	0.0079992237249822	0.0010494924520799	45655.41582453001	51549.66114663611	rs62485509	7	144351809	0.163	-0.1423999999999999	0.1140000000000001	G	G	T	7:144048902:G:T	7:144048902:G:T	0.0
rs71559437_A_G	7:101909160:G:A	7	101909160	0.0099	11.2967086218813	0.878	0.0686	5.050000000000439e-12	0.0623309475001096	0.0103640603164861	0.00100816722272	47281.3208418674	51549.66114663611	rs71559437	7	101909160	0.1279999999999999	0.0429999999999999	0.1060000000000001	G	G	A	7:101552440:G:A	7:101552440:A:G	0.0
rs7781597_C_T	7:91958880:T:C	7	91958880	0.0064	10.2903908789274	0.3829	0.0421	5.1239999999994186e-11	0.0389665997547354	0.0065103140651197	0.0008375969747837	51491.67035629772	51549.66114663611	rs7781597	7	91958880	-0.0032999999999999	-0.0243999999999999	-0.0175999999999999	T	C	T	7:91588194:T:C	7:91588194:C:T	0.0
rs17156577_C_T	7:28317270:T:C	7	28317270	0.0098	8.37202001016976	0.1121	0.0578	4.246000000002549e-09	0.0508443984860166	0.0101269316506848	0.0006650515976312	51887.03475061257	51549.66114663611	rs17156577	7	28317270	-0.0245999999999999	-0.0086	-0.0354999999999999	T	C	T	7:28356889:T:C	7:28356889:C:T	0.0
rs7971_A_G	7:21901342:A:G	7	21901342	0.0065	7.71421772622125	0.6469	0.0365	1.9309999999971345e-08	0.0326488902244876	0.0071516023355024	0.000608626129155	51858.98509727314	51549.66114663611	rs7971	7	21901342	0.0229999999999999	0.0389999999999999	0.024	A	A	G	7:21940960:A:G	7:21940960:A:G	0.0
rs10096351_A_G	8:127359926:A:G	8	127359926	0.0062	63.7064170837402	0.5441	0.1055	1.965997296383357e-64	0.104248308084399	0.0062168465121169	0.0055218325569949	52022.587861419095	51549.66114663611	rs10096351	8	127359926	-0.0562	-0.0090999999999999	-0.0463	A	G	A	8:128372172:A:G	8:128372172:A:G	0.0
rs72658071_A_T	8:75393550:A:T	8	75393550	0.0107	27.58837890625	0.0877	0.1182	2.580008244395764e-28	0.114554335755907	0.0107560887218538	0.0022356417790007	54471.73570002234	51549.66114663611	rs72658071	8	75393550	-0.1035	-0.1057	-0.1139999999999999	A	T	A	8:76305785:A:T	8:76305785:A:T	0.0
rs4286946_C_G	8:36992428:C:G	8	36992428	0.0083	21.0641899108887	0.8261	0.0799	8.62601261842788e-22	0.0764905503972206	0.0086195276646848	0.0018342383038958	50162.25461718133	51549.66114663611	rs4286946	8	36992428	0.0389999999999999	0.0329999999999999	0.0269999999999999	C	C	G	8:36849946:C:G	8:36849946:C:G	0.0
rs9693444_A_C	8:29652100:A:C	8	29652100	0.0066	20.7958984375	0.3243	0.0626	1.5999321390768273e-21	0.0596591952165959	0.0067277982542339	0.0017174319172152	52862.12346449646	51549.66114663611	rs9693444	8	29652100	0.0209999999999999	-0.0061999999999999	0.0169999999999999	A	A	C	8:29509616:A:C	8:29509616:A:C	0.0
rs7017073_C_T	8:128192016:T:C	8	128192016	0.0075	13.6339507901998	0.2115	0.0572	2.322999999999813e-14	0.0531712285284023	0.0076108751806063	0.00109127479032	53366.55016425736	51549.66114663611	rs7017073	8	128192016	0.0089999999999998	0.0229999999999999	0.026	T	C	T	8:129204262:T:C	8:129204262:C:T	0.00010000010728838878
rs58847541_A_G	8:123597926:G:A	8	123597926	0.0087	12.2597952644926	0.1471	0.0626	5.497999999999362e-13	0.0574187072575258	0.00895015893309	0.0009833077208568	52901.55415428191	51549.66114663611	rs58847541	8	123597926	-0.0697999999999999	-0.0179	-0.0429	G	A	G	8:124610166:G:A	8:124610166:A:G	0.0
rs970821_C_T	8:123726378:C:T	8	123726378	0.0063	11.6462760624111	0.401	0.0445	2.2579999999997418e-12	0.0415212443294356	0.0063366095705209	0.0009513081394999	51766.55142577776	51549.66114663611	rs970821	8	123726378	-0.0273999999999999	-0.0189	-0.0294999999999999	C	T	C	8:124738618:C:T	8:124738618:C:T	0.0004000004291535551
rs13267382_A_G	8:116197325:A:G	8	116197325	0.0065	10.7972393126068	0.3507	0.0437	1.5949999999999994e-11	0.0405039162444384	0.0065719435078653	0.0008697091483038	52217.31934554511	51549.66114663611	rs13267382	8	116197325	0.1169999999999999	-0.0948	0.0849999999999999	A	A	G	8:117209548:A:G	8:117209548:A:G	0.0
rs12546444_A_T	8:105346392:A:T	8	105346392	0.011	10.1276106115822	0.8999	0.0717	7.453999999999631e-11	0.0642060884219467	0.0116651804459433	0.0009261826395821	45775.0550251339	51549.66114663611	rs12546444	8	105346392	0.0269999999999999	-0.1343999999999999	0.0089999999999998	A	A	T	8:106358620:A:T	8:106358620:A:T	0.0
rs201182408_G_T	8:75280551:T:G	8	75280551	0.0063	9.96457026181542	0.5688	0.0404	1.0850000000000808e-10	0.0373033882563776	0.0064725860698239	0.0008006285371391	52036.5579194992	51549.66114663611	rs201182408	8	75280551	-0.0534999999999999	-0.0920999999999999	-0.0583	T	G	T	8:76192786:T:G	8:76192786:G:T	0.0
rs514192_A_T	8:101466731:A:T	8	101466731	0.0066	8.25111455999013	0.3248	0.0383	5.609000000004561e-09	0.0346035384077959	0.0070673357387518	0.0006433925055488	52791.68969851231	51549.66114663611	rs514192	8	101466731	0.0449999999999999	-0.0685	0.0249999999999999	A	A	T	8:102478959:A:T	8:102478959:A:T	0.0
rs630965_C_T	9:108123199:C:T	9	108123199	0.0064	53.4939002990723	0.6196	0.0992	3.2070054718324726e-54	0.09780935267717	0.0064391327558414	0.0046387958218751	51825.16673921521	51549.66114663611	rs630965	9	108123199	-0.0867999999999999	0.0529999999999999	-0.048	C	T	C	9:110885479:C:T	9:110885479:C:T	0.0
rs10978911_C_G	9:107544663:G:C	9	107544663	0.0091	19.6274566650391	0.1361	0.0839	2.3579974709522084e-20	0.0800851773033065	0.0094806281291547	0.0016552954318718	51631.46698698524	51549.66114663611	rs10978911	9	107544663	-0.1399	-0.0028	-0.1106	G	C	G	9:110306944:G:C	9:110306944:C:G	0.0
rs1985742_A_T	9:21961228:A:T	9	21961228	0.0065	19.0916767120361	0.3516	0.0588	8.096984128122595e-20	0.0558219239372491	0.0065927739904372	0.0015764366403072	52667.056347800106	51549.66114663611	rs1985742	9	21961228	-0.0675	0.052	-0.0356999999999999	A	T	A	9:21961227:A:T	9:21961227:A:T	0.0
rs10816608_G_T	9:108016457:G:T	9	108016457	0.0063	16.3035564422607	0.4177	0.0527	4.970997648964692e-17	0.049783465786367	0.0063384928069253	0.0013510222188317	52070.29759464532	51549.66114663611	rs10816608	9	108016457	0.0149999999999999	0.0189999999999999	0.0229999999999999	G	T	G	9:110778738:G:T	9:110778738:G:T	0.0
rs1895062_A_G	9:116551207:A:G	9	116551207	0.0063	13.9593976598859	0.5964	0.049	1.0980000000000686e-14	0.0460514878663171	0.006318383454485	0.00115587520608	51659.63321000775	51549.66114663611	rs1895062	9	116551207	-0.0113999999999999	-0.015	-0.0067	A	A	G	9:119313486:A:G	9:119313486:A:G	0.0
rs10760444_A_G	9:126634155:G:A	9	126634155	0.0062	8.04306358615577	0.4333	0.0358	9.056000000000718e-09	0.0323157561765969	0.0067695935887953	0.0006294162492407	52483.59377075874	51549.66114663611	rs10760444	9	126634155	0.0529999999999999	0.0989999999999999	0.0609999999999999	G	G	A	9:129396434:G:A	9:129396434:A:G	0.0
rs507666_A_G	9:133273983:G:A	9	133273983	0.0078	7.53955321612011	0.203	0.0431	2.88699999999448e-08	0.0381206208431766	0.00832469454495	0.0006010891590199	51210.41141170315	51549.66114663611	rs507666	9	133273983					A	G	9:136149399:G:A	9:136149399:A:G	0.0
rs2981579_A_G	10:121577821:A:G	10	121577821	0.0063	313.199981689453	0.4056	0.2376	6.3098394723e-314	0.236613775805658	0.0062918057586749	0.0272207204425728	52635.62894288352	51549.66114663611	rs2981579	10	121577821	0.2949999999999999	0.1240000000000001	0.24	A	A	G	10:123337335:A:G	10:123337335:A:G	0.0
rs10995201_A_G	10:62540131:A:G	10	62540131	0.0087	50.8077125549316	0.8409	0.1317	1.5569958143732103e-51	0.129375621080801	0.0087292911409077	0.0046410481879182	49145.83180546024	51549.66114663611	rs10995201	10	62540131	0.1379999999999999	-0.1149999999999999	0.0469999999999999	A	A	G	10:64299890:A:G	10:64299890:A:G	0.0
rs12262574_C_T	10:121678608:C:T	10	121678608	0.0091	37.8303260803223	0.8553	0.1178	1.4779982494485674e-38	0.115172939960523	0.0091272198922038	0.0034348484463288	49092.16452675469	51549.66114663611	rs12262574	10	121678608	0.1009999999999999	0.088	0.1009999999999999	C	C	T	10:123438122:C:T	10:123438122:C:T	0.07289998970031772
rs1268974_A_G	10:79092621:A:G	10	79092621	0.0063	35.4306030273438	0.3868	0.0793	3.7101970233521424e-36	0.0773885855362768	0.0064413631646403	0.0029830805598047	52844.55704320866	51549.66114663611	rs1268974	10	79092621	0.0809999999999999	-0.022	0.0509999999999999	A	A	G	10:80852378:A:G	10:80852378:A:G	0.0
rs7072776_A_G	10:21744013:A:G	10	21744013	0.0068	18.757209777832	0.2876	0.0618	1.7490016619920377e-19	0.0586421965715435	0.0069310440011179	0.0015650194465152	52078.63692462377	51549.66114663611	rs7072776	10	21744013	0.1149999999999999	-0.0253999999999999	0.078	A	A	G	10:22032942:A:G	10:22032942:A:G	0.0
rs72810771_C_T	10:22108073:C:T	10	22108073	0.0224	18.7356548309326	0.0187	0.2026	1.8379985696066333e-19	0.190315346237272	0.0226545534077396	0.0015064415409912	54038.59985137668	51549.66114663611	rs72810771	10	22108073	-0.2063	-0.0456999999999999	-0.0926	C	T	C	10:22397002:C:T	10:22397002:C:T	0.0
rs12250948_C_T	10:113368732:T:C	10	113368732	0.0074	13.9846402445908	0.2156	0.0576	1.0359999999999663e-14	0.053690655406079	0.0075119600692425	0.0011221768470528	53312.88121667609	51549.66114663611	rs12250948	10	113368732	-0.0276999999999999	0.094	0.0169999999999999	T	T	C	10:115128491:T:C	10:115128491:C:T	0.0
rs10885405_C_T	10:113017911:C:T	10	113017911	0.0062	13.2647205519395	0.46	0.0465	5.436000000000533e-14	0.0436323246027357	0.0062154497118655	0.0010742058	52657.87932500536	51549.66114663611	rs10885405	10	113017911	0.0349999999999999	0.018	0.0169999999999999	C	T	C	10:114777670:C:T	10:114777670:C:T	0.0
rs111605422_A_G	10:121795069:G:A	10	121795069	0.0131	12.0703256820514	0.0569	0.0936	8.505000000000228e-13	0.086328363519146	0.0139807659259567	0.0009402681045888	54412.12001515219	51549.66114663611	rs111605422	10	121795069	-0.0711	0.3600000000000001	-0.0145999999999999	G	A	G	10:123554584:G:A	10:123554584:A:G	0.0
rs9421410_A_G	10:121335695:G:A	10	121335695	0.0067	11.5717031860171	0.6731	0.0466	2.6810000000001272e-12	0.0432412759379767	0.0067387510812023	0.0009556444461368	51179.211296869296	51549.66114663611	rs9421410	10	121335695	0.08	0.0369999999999999	0.064	G	G	A	10:123095209:G:A	10:123095209:A:G	0.0
rs35419901_A_T	10:62303692:A:T	10	62303692	0.0173	10.0965844142309	0.9623	0.1123	8.006000000000246e-11	0.101457803287701	0.0183805800157659	0.0009150426652717	46179.64036745399	51549.66114663611	rs35419901	10	62303692	-0.0464	0.161	-0.0168	A	A	T	10:64063451:A:T	10:64063451:A:T	0.0
rs35306388_C_G	10:62719072:C:G	10	62719072	0.0164	9.64301859900684	0.9609	0.1041	2.2750000000001496e-10	0.093489754104005	0.0177213842573661	0.0008143036950078	49385.69637788129	51549.66114663611	rs35306388	10	62719072	0.086	-0.1756999999999999	0.084	C	C	G	10:64478832:C:G	10:64478832:C:G	0.15999998092651424
rs7899628_C_T	10:121904429:C:T	10	121904429	0.0065	9.04812844287164	0.6415	0.0396	8.95099999999991e-10	0.0361986264043938	0.0067895287710615	0.00072128381688	52047.51808786807	51549.66114663611	rs7899628	10	121904429	0.08	-0.0348	0.0429999999999999	C	C	T	10:123663944:C:T	10:123663944:C:T	0.028899985408784783
rs2253762_A_C	10:122041907:A:C	10	122041907	0.007	8.77134304189076	0.2971	0.0419	1.693000000001191e-09	0.0380232782748033	0.007275899826637	0.0007332536554398	49503.24072561149	51549.66114663611	rs2253762	10	122041907	-0.0433	-0.0355999999999999	-0.0392	A	C	A	10:123801422:A:C	10:123801422:A:C	0.012099996590614547
rs17145151_A_C	10:9048742:A:C	10	9048742	0.0095	8.745693667669	0.1203	0.0572	1.795999999998818e-09	0.0506591631261886	0.0097721386158125	0.0006925039781088	52250.00077918163	51549.66114663611	rs17145151	10	9048742	-0.0964	-0.1028999999999999	-0.0948	A	C	A	10:9090705:A:C	10:9090705:A:C	0.0
rs61865900_C_T	10:62822722:T:C	10	62822722	0.013	8.72399801003758	0.9377	0.078	1.888000000001609e-09	0.0682056918026952	0.0141568235376786	0.00071083886328	50765.349646669936	51549.66114663611	rs61865900	10	62822722	0.0529999999999999	-0.4206	-0.0421	T	T	C	10:64582482:T:C	10:64582482:C:T	0.002500001192093032
rs2420941_G_T	10:121470112:T:G	10	121470112	0.0063	8.44769689066197	0.5055	0.0371	3.566999999997342e-09	0.0336818135016442	0.0067594088351424	0.0006881217271949	50640.421889281766	51549.66114663611	rs2420941	10	121470112	0.0729999999999999	0.054	0.06	T	T	G	10:123229626:T:G	10:123229626:G:T	0.0036000002861022898
rs58742730_A_G	10:113490891:A:G	10	113490891	0.008	8.21910689131255	0.1799	0.0467	6.0380000000051716e-09	0.0417602605773164	0.0082647948113286	0.0006435195304622	52558.4485364679	51549.66114663611	rs58742730	10	113490891	0.0709999999999999	-0.0020999999999999	0.0309999999999999	A	G	A	10:115250650:A:G	10:115250650:A:G	0.0004000004291535551
rs7906315_A_G	10:113127459:A:G	10	113127459	0.0064	7.67305000583292	0.6218	0.0357	2.1230000000052866e-08	0.0318502592568329	0.0071059438280599	0.0005994302699448	52347.49690647643	51549.66114663611	rs7906315	10	113127459	0.02	-0.1135	-0.0097	A	G	A	10:114887218:A:G	10:114887218:A:G	0.016899998760223404
rs12260388_A_G	10:22574496:A:G	10	22574496	0.0167	7.52870828896994	0.9625	0.0924	2.959999999803171e-08	0.0784851558349398	0.0190701898418356	0.0006163195499999	49866.28596516296	51549.66114663611	rs12260388	10	22574496	-0.1268	-0.3479	-0.1516999999999999	A	G	A	10:22863425:A:G	10:22863425:A:G	0.00039999923706090775
rs78540526_C_T	11:69516650:C:T	11	69516650	0.0113	130.742324829102	0.0756	0.2758	1.8099858133963589e-131	0.272273489408979	0.0112392517881381	0.0106316397355391	55988.23572541822	51549.66114663611	rs78540526	11	69516650	-0.1916	-0.2955	-0.1884	C	T	C	11:69331418:C:T	11:69331418:C:T	0.0
rs1973765_C_T	11:1877434:T:C	11	1877434	0.0064	37.0130043029785	0.5999	0.0817	9.705003515054555e-38	0.0798323734604671	0.006537660463051	0.0032042140621021	51457.99069445563	51549.66114663611	rs1973765	11	1877434	0.082	0.0809999999999999	0.084	T	T	C	11:1898664:T:C	11:1898664:C:T	0.0
rs34507830_C_T	11:69646918:C:T	11	69646918	0.0227	30.1701812744141	0.0206	0.2629	6.758008374041053e-31	0.249540243977281	0.0223017246590358	0.0027889356125048	47895.63782018142	51549.66114663611	rs34507830	11	69646918	-0.0807	-0.183	-0.0744	C	T	C	11:69461686:C:T	11:69461686:C:T	0.17639998898506176
rs79054216_C_T	11:69371625:C:T	11	69371625	0.0265	17.5169830322266	0.0145	0.2309	3.0410038345908548e-18	0.2137550341	0.0263788233981522	0.001523710612395	49788.08576466647	51549.66114663611	rs79054216	11	69371625	-0.1389	0.2629999999999999	-0.0966	C	T	C	11:69186393:C:T	11:69186393:C:T	0.0
rs11822830_A_G	11:129591121:A:G	11	129591121	0.0063	13.7026772857947	0.5959	0.0483	1.98299999999999e-14	0.0453475863562964	0.0063168567101796	0.0011235347078382	52111.34523332342	51549.66114663611	rs11822830	11	129591121	-0.0402	-0.0647999999999999	-0.0504	A	G	A	11:129461016:A:G	11:129461016:A:G	0.0
rs217727_A_G	11:1995678:G:A	11	1995678	0.0079	13.4059390987296	0.8071	0.0598	3.92699999999983e-14	0.0554213067829242	0.0080609845176437	0.0011135044028471	51373.71502313487	51549.66114663611	rs217727	11	1995678	0.068	0.096	0.0829999999999999	G	G	A	11:2016908:G:A	11:2016908:A:G	0.17640001401901267
rs548082010_C_G	11:65834179:G:C	11	65834179	0.0062	12.8060410219808	0.5072	0.0458	1.5630000000000477e-13	0.0429285253372902	0.0062184685810511	0.0010486025166848	51963.690203705126	51549.66114663611	rs548082010	11	65834179	0.042	-0.0626999999999999	0.0229999999999999	G	G	C	11:65601650:G:C	11:65601650:C:G	0.0
rs6597981_A_G	11:803017:A:G	11	803017	0.0062	11.870954940112	0.5178	0.0439	1.34600000000013e-12	0.0410120872518273	0.0062383048976573	0.0009623837655672	52225.49897877528	51549.66114663611	rs6597981	11	803017	-0.0069	0.0149999999999999	-0.0077	A	G	A	11:803017:A:G	11:803017:A:G	0.0
rs11227283_C_T	11:65731551:C:T	11	65731551	0.0078	10.2834124223243	0.1888	0.0515	5.2070000000000886e-11	0.0469973902825424	0.0078856040006479	0.0008124083635199	53049.46503453048	51549.66114663611	rs11227283	11	65731551	-0.0502	-0.0797	-0.0574	C	T	C	11:65499022:C:T	11:65499022:C:T	0.0
rs72932540_A_G	11:69154575:A:G	11	69154575	0.0101	7.37018280398479	0.1056	0.0553	4.263999999967546e-08	0.0476325714898304	0.0106307205624979	0.0005776648829952	51977.38297135575	51549.66114663611	rs72932540	11	69154575	-0.1065	0.2729999999999999	-0.0856	A	G	A	11:68922043:A:G	11:68922043:A:G	0.0
rs7297051_C_T	12:28021884:C:T	12	28021884	0.0074	59.530029296875	0.7598	0.1204	2.9510101490929724e-60	0.118675721094066	0.0074114013110284	0.0052912132095871	50668.07694769772	51549.66114663611	rs7297051	12	28021884	0.1080000000000001	-0.0409	0.0749999999999999	C	C	T	12:28174817:C:T	12:28174817:C:T	0.0
rs17356907_A_G	12:95633983:A:G	12	95633983	0.0068	38.9926795959473	0.7015	0.0898	1.0169987146958867e-39	0.0880091014931559	0.0069093622936076	0.00337718366382	51506.30723749994	51549.66114663611	rs17356907	12	95633983	0.1160000000000001	0.0029999999999998	0.074	A	A	G	12:96027759:A:G	12:96027759:A:G	0.0
rs2464264_A_G	12:115397993:G:A	12	115397993	0.0063	38.6708068847656	0.5836	0.0824	2.1339936128951616e-39	0.080622757718006	0.0064277061478414	0.0032999732779008	52264.78517287346	51549.66114663611	rs2464264	12	115397993	-0.0027	0.036	0.014	G	G	A	12:115835798:G:A	12:115835798:A:G	0.0
rs11049431_C_T	12:28194449:C:T	12	28194449	0.0077	18.5269508361816	0.7832	0.0687	2.9720024548909345e-19	0.0650224687827737	0.0079484897726121	0.0016027855797887	50197.81557574915	51549.66114663611	rs11049431	12	28194449	0.044	-0.1893	0.0389999999999999	C	C	T	12:28347382:C:T	12:28347382:C:T	0.022500006258488112
rs12422552_C_G	12:14260997:G:C	12	14260997	0.007	14.4416514912384	0.2589	0.0552	3.616999999999839e-15	0.0516455168154341	0.0070738469166971	0.0011692759439232	52937.11162553965	51549.66114663611	rs12422552	12	14260997	-0.0656999999999999	0.02	-0.0477999999999999	G	C	G	12:14413931:G:C	12:14413931:C:G	0.0
rs11609747_A_G	12:27888591:G:A	12	27888591	0.0085	11.376647318462	0.8264	0.0592	4.201000000000077e-12	0.054090824272002	0.0086841218672633	0.0010055726170111	47762.19322171026	51549.66114663611	rs11609747	12	27888591	0.006	-0.0475999999999999	-0.0153999999999999	G	G	A	12:28041524:G:A	12:28041524:A:G	0.0
rs1027113_A_G	12:28987327:G:A	12	28987327	0.0113	9.52432881167533	0.9138	0.0713	2.990000000001653e-10	0.0632961860439143	0.0120078322688827	0.0008008800489528	49546.91229863079	51549.66114663611	rs1027113	12	28987327	-0.0652	0.002	-0.0733	G	A	G	12:29140260:G:A	12:29140260:A:G	0.00089999917745609
rs1061651_C_T	12:114670556:T:C	12	114670556	0.0071	8.96257350205269	0.2663	0.0432	1.0900000000167816e-09	0.0392811189015048	0.007313087744342	0.0007292680293887	50950.86290010634	51549.66114663611	rs1061651	12	114670556	0.0029999999999998	0.016	0.0089999999999998	T	C	T	12:115108361:T:C	12:115108361:C:T	0.0
rs202049448_C_T	12:84615658:T:C	12	84615658	0.007	7.57024771999568	0.6624	0.0387	2.6900000000118425e-08	0.0344052802391273	0.0076460918910511	0.0006698455667711	46158.670540249645	51549.66114663611	rs202049448	12	84615658	0.0369999999999999	0.082	0.052	T	T	C	12:85009437:T:C	12:85009437:C:T	0.0
rs206966_C_T	12:120394343:C:T	12	120394343	0.0089	7.42193411616609	0.1566	0.0487	3.7849999999809846e-08	0.0424864241478867	0.0093912228551862	0.0006264887439671	48295.52935791251	51549.66114663611	rs206966	12	120394343	-0.0558999999999999	-0.0108	-0.0493	C	T	C	12:120832146:C:T	12:120832146:C:T	0.0
rs56404467_A_G	13:32265853:G:A	13	32265853	0.024	10.1023179382036	0.0179	0.156	7.900999999999648e-11	0.138955347282694	0.025037542803215	0.0008556338044799	49416.18714382099	51549.66114663611	rs56404467	13	32265853	0.012	0.3009999999999999	-0.0223999999999999	G	A	G	13:32839990:G:A	13:32839990:A:G	0.0
rs6562760_A_G	13:73383544:A:G	13	73383544	0.0073	8.82594019227508	0.766	0.0443	1.4929999999996362e-09	0.0401833441893427	0.007501427162866	0.00070352911512	51943.06796945453	51549.66114663611	rs6562760	13	73383544	0.0169999999999999	0.082	0.032	A	G	A	13:73957681:A:G	13:73957681:A:G	0.0
rs12870942_C_T	13:73232845:T:C	13	73232845	0.0066	8.42922363120488	0.3182	0.0391	3.7220000000031803e-09	0.0355089022652175	0.0069771499220986	0.0006633468675512	52406.91215701435	51549.66114663611	rs12870942	13	73232845	-0.0895	0.1619999999999999	-0.0655	T	C	T	13:73806982:T:C	13:73806982:C:T	0.0
rs11624333_C_T	14:68513118:T:C	14	68513118	0.0071	41.1870193481445	0.7405	0.0968	6.501007272235369e-42	0.0950319533722438	0.0071722811481769	0.00360116595168	51093.45509614761	51549.66114663611	rs11624333	14	68513118	0.082	0.0789999999999999	0.078	T	T	C	14:68979835:T:C	14:68979835:C:T	0.0
rs7149262_A_C	14:36667340:C:A	14	36667340	0.0076	20.6071281433105	0.7887	0.0724	2.470994943508081e-21	0.0690697325779824	0.0078579274185841	0.0017471028249312	51472.12598532376	51549.66114663611	rs7149262	14	36667340	0.03	0.2649999999999999	0.0369999999999999	C	C	A	14:37136545:C:A	14:37136545:A:C	0.0
rs1744947_C_T	14:68214759:C:T	14	68214759	0.0084	13.8041003475908	0.16	0.0645	1.5699999999998762e-14	0.059791863118625	0.0086585759316997	0.0011182751999999	52767.336566118975	51549.66114663611	rs1744947	14	68214759	-0.0744	-0.0856	-0.0665	C	T	C	14:68681476:C:T	14:68681476:C:T	0.0
rs941764_A_G	14:91374725:A:G	14	91374725	0.0065	12.0858155665768	0.3429	0.0463	8.206999999999127e-13	0.0431413080438905	0.0065292662684589	0.0009660307037742	53033.50669324691	51549.66114663611	rs941764	14	91374725	-0.0281	-0.1287	-0.0489	A	G	A	14:91841069:A:G	14:91841069:A:G	0.0
rs117068593_C_T	14:92651884:C:T	14	92651884	0.0083	11.8419392060634	0.8216	0.0589	1.4389999999999853e-12	0.0540201920728047	0.008468518559811	0.0010169880875648	49292.48188292262	51549.66114663611	rs117068593	14	92651884	0.052	0.2230000000000001	0.0709999999999999	C	C	T	14:93118229:C:T	14:93118229:C:T	0.0
rs848087_A_G	14:36808438:A:G	14	36808438	0.0065	10.2324731005916	0.4318	0.0427	5.855000000000249e-11	0.0394769593657575	0.0066038879034584	0.0008946838812408	47914.53241168678	51549.66114663611	rs848087	14	36808438	-0.0319	0.074	-0.0086	A	A	G	14:37277643:A:G	14:37277643:A:G	0.0
rs61990498_C_T	14:91486645:C:T	14	91486645	0.0074	9.93591656403635	0.7586	0.0475	1.1590000000001424e-10	0.0433812965739656	0.0074936851862219	0.0008263562554999	50260.36276718165	51549.66114663611	rs61990498	14	91486645	0.0469999999999999	0.1200000000000001	0.0469999999999999	C	C	T	14:91952989:C:T	14:91952989:C:T	0.0
rs4983544_G_T	14:104747641:T:G	14	104747641	0.0063	7.60223374387715	0.4609	0.0353	2.498999999979284e-08	0.0315377430037107	0.007000494807466	0.0006192349302941	50162.1053934487	51549.66114663611	rs4983544	14	104747641	0.012	0.0889999999999999	0.01	T	G	T	14:105213978:T:G	14:105213978:G:T	0.0
rs77554484_A_C	15:90965985:C:A	15	90965985	0.0093	14.8914349762672	0.8681	0.0741	1.283999999999896e-15	0.0691336591080482	0.0097540598323619	0.0012574217360718	50848.45627245302	51549.66114663611	rs77554484	15	90965985	0.0729999999999999	0.1089999999999999	0.0589999999999999	C	C	A	15:91509215:C:A	15:91509215:A:C	0.0
rs4784227_C_T	16:52565276:C:T	16	52565276	0.0071	200.16877746582	0.2387	0.2153	6.779888227273932e-201	0.214105023597575	0.0070942672030966	0.0168471446254958	54284.51661115151	51549.66114663611	rs4784227	16	52565276	-0.1973	-0.1727999999999999	-0.1815	C	T	C	16:52599188:C:T	16:52599188:C:T	0.0
rs7500067_A_G	16:80614399:A:G	16	80614399	0.0073	26.3910465240479	0.2293	0.0785	4.06399791020245e-27	0.0758336856579055	0.0075238914698748	0.002178004249995	53402.36293398581	51549.66114663611	rs7500067	16	80614399	-0.0393	-0.0494999999999999	-0.0406999999999999	A	G	A	16:80648296:A:G	16:80648296:A:G	0.0
rs62048402_A_G	16:53769311:G:A	16	53769311	0.0063	22.455810546875	0.5844	0.0624	3.500978575897984e-23	0.0597185125376583	0.0064120048835881	0.0018914066915327	51999.838668869015	51549.66114663611	rs62048402	16	53769311	0.03	-0.157	0.018	G	G	A	16:53803223:G:A	16:53803223:A:G	0.0
rs28539243_A_G	16:54648152:G:A	16	54648152	0.0063	14.0424405981025	0.4878	0.0486	9.069000000000427e-15	0.0456492173363658	0.0063173815576361	0.0011802768917471	50910.44977294767	51549.66114663611	rs28539243	16	54648152	-0.0497999999999999	-0.1024	-0.0601	G	A	G	16:54682064:G:A	16:54682064:A:G	0.0
rs4496150_A_C	16:87051631:C:A	16	87051631	0.0072	8.09199779882783	0.7534	0.0416	8.090999999992858e-09	0.0374072630515075	0.0075855337744858	0.0006430360854528	51712.67489785532	51549.66114663611	rs4496150	16	87051631	0.0749999999999999	-0.0422	0.046	C	C	A	16:87085237:C:A	16:87085237:A:C	0.0
rs62043285_A_G	16:52448870:A:G	16	52448870	0.0162	7.70289634985238	0.0472	0.0907	1.981999999992532e-08	0.0774490508576911	0.018367168261588	0.0007399260490368	42588.19247773117	51549.66114663611	rs62043285	16	52448870	-0.131	-0.2841	-0.1142999999999999	A	G	A	16:52482782:A:G	16:52482782:A:G	0.0
rs2432539_A_G	16:56387075:A:G	16	56387075	0.0064	7.39544996742916	0.4004	0.0349	4.0229999999960974e-08	0.030846910158847	0.0072297794512636	0.0005848392918368	51532.67575611068	51549.66114663611	rs2432539	16	56387075	0.0569999999999999	0.01	0.0469999999999999	A	A	G	16:56420987:A:G	16:56420987:A:G	0.0
rs2787486_A_C	17:55132413:A:C	17	55132413	0.0068	28.2546119689941	0.6998	0.0758	5.5640116545289e-29	0.0733600229478825	0.0069884137964161	0.0024140876427488	51706.118871498	51549.66114663611	rs2787486	17	55132413	0.018	-0.0181999999999999	-0.0053999999999999	A	A	C	17:53209774:A:C	17:53209774:A:C	0.0
rs2532263_A_G	17:46175102:G:A	17	46175102	0.0084	12.1636758842932	0.818	0.0605	6.860000000000763e-13	0.0555713589332982	0.0085976528430646	0.001089846758	47331.38182906309	51549.66114663611	rs2532263	17	46175102	0.1180000000000001	-0.1031999999999999	0.09	G	G	A	17:44252468:G:A	17:44252468:A:G	0.0
rs8082452_G_T	17:79797749:T:G	17	79797749	0.0065	9.94347627592094	0.5438	0.0418	1.1389999999998946e-10	0.0385427293701933	0.0066427574265266	0.0008669160497887	47948.1205832331	51549.66114663611	rs8082452	17	79797749	0.0469999999999999	0.1009999999999999	0.0509999999999999	T	T	G	17:77771548:T:G	17:77771548:G:T	0.0
rs7223535_A_G	17:30884649:G:A	17	30884649	0.007	9.45234834164	0.732	0.0439	3.5290000000002455e-10	0.0401430528209937	0.0071483871767974	0.00075614469792	52050.18477455847	51549.66114663611	rs7223535	17	30884649	0.0289999999999999	0.1009999999999999	0.0389999999999999	G	G	A	17:29211667:G:A	17:29211667:A:G	0.0
rs72826962_C_T	17:42684371:C:T	17	42684371	0.0297	8.33922935647206	0.0112	0.174	4.579000000002555e-09	0.148466847982594	0.032077439764323	0.00067058675712	51239.60207551335	51549.66114663611	rs72826962	17	42684371	-0.2233	0.6719999999999999	-0.1835	C	T	C	17:40836389:C:T	17:40836389:C:T	0.0
rs170801_A_C	18:26920935:C:A	18	26920935	0.007	16.4982566833496	0.7183	0.0591	3.1749969808429774e-17	0.0556505685507534	0.0071138203496924	0.0014135060473181	50394.26110316199	51549.66114663611	rs170801	18	26920935	0.05	0.1399999999999999	0.0789999999999999	C	C	A	18:24500899:C:A	18:24500899:A:C	0.0
rs527616_C_G	18:26757460:C:G	18	26757460	0.0064	14.1739251972992	0.6211	0.0499	6.699999999999596e-15	0.0468632295961784	0.0064233798929143	0.0011719719608958	51779.71160269096	51549.66114663611	rs527616	18	26757460	0.016	0.0029999999999998	0.0249999999999999	C	G	C	18:24337424:C:G	18:24337424:C:G	0.0
rs9952980_C_T	18:45308832:T:C	18	45308832	0.0065	12.7817271464286	0.6496	0.0478	1.652999999999816e-13	0.0446528767624655	0.0065223604046549	0.0010401498304512	52280.19854522186	51549.66114663611	rs9952980	18	45308832	0.068	-0.0467999999999999	0.05	T	T	C	18:42888797:T:C	18:42888797:C:T	0.0
rs9954058_C_G	18:44831838:G:C	18	44831838	0.0122	12.553929064299	0.9279	0.0891	2.792999999999968e-13	0.0823976184660251	0.0130200534297887	0.0010622380234158	50222.89793968738	51549.66114663611	rs9954058	18	44831838	0.062	0.018	0.0389999999999999	G	G	C	18:42411803:G:C	18:42411803:C:G	0.0
rs117618124_C_T	18:32397726:T:C	18	32397726	0.0156	11.2630460462169	0.9547	0.1074	5.456999999999425e-12	0.0984656625417109	0.016464028760141	0.0009977085247032	47624.6576609126	51549.66114663611	rs117618124	18	32397726	0.149	-0.1662	0.1519999999999999	T	T	C	18:29977689:T:C	18:29977689:C:T	0.0
rs7240205_C_T	18:26576054:C:T	18	26576054	0.0065	7.82217502813728	0.3904	0.0365	1.5059999999931983e-08	0.0326488902244876	0.0071516023355024	0.0006341185996799	50535.571395709776	51549.66114663611	rs7240205	18	26576054	-0.0344999999999999	0.187	0.032	C	C	T	18:24156018:C:T	18:24156018:C:T	0.0
rs7258465_C_T	19:18422832:T:C	19	18422832	0.0066	27.5545520782471	0.6564	0.0725	2.7889961949365847e-28	0.0700333983489152	0.0067736204000831	0.002370979158	51297.27060975389	51549.66114663611	rs7258465	19	18422832	0.07	0.03	0.0569999999999999	T	T	C	19:18533642:T:C	19:18533642:C:T	0.0
rs1685191_C_T	19:43779080:C:T	19	43779080	0.0064	19.4118404388428	0.4353	0.0586	3.8739995073732364e-20	0.055708175320951	0.006487727668002	0.0016882302687671	50042.74528823101	51549.66114663611	rs1685191	19	43779080	0.0269999999999999	0.044	0.042	C	C	T	19:44283232:C:T	19:44283232:C:T	0.0
rs2965183_A_G	19:19434887:G:A	19	19434887	0.0065	11.1996954224438	0.3521	0.0445	6.314000000000032e-12	0.0413193061602657	0.0065534390197121	0.0009034913991949	52274.53303853277	51549.66114663611	rs2965183	19	19434887	-0.0039	0.0669999999999999	0.014	G	A	G	19:19545696:G:A	19:19545696:A:G	0.0003999999821186043
rs78269692_C_T	19:13047463:T:C	19	13047463	0.0154	8.71760449525755	0.0488	0.0922	1.915999999999665e-09	0.0809887575403548	0.0170643196877595	0.0007891935031808	45688.79034343456	51549.66114663611	rs78269692	19	13047463	-0.0567999999999999	0.0509999999999999	-0.0565999999999999	T	C	T	19:13158277:T:C	19:13158277:C:T	0.0
rs11672660_C_T	19:45676926:C:T	19	45676926	0.008	8.38447077636283	0.213	0.0472	4.126000000000351e-09	0.0422918086151211	0.0082330019328176	0.00074691009408	46275.12734909316	51549.66114663611	rs11672660	19	45676926	-0.0064999999999999	0.104	0.0109999999999998	C	T	C	19:46180184:C:T	19:46180184:C:T	0.0
rs56069439_A_C	19:17283116:C:A	19	17283116	0.0067	8.02406295751734	0.2968	0.0387	9.460999999990166e-09	0.0349068651072204	0.0071703587157519	0.0006251650409088	52704.42989037788	51549.66114663611	rs56069439	19	17283116	-0.0292	0.0009999999999998	-0.0201	C	A	C	19:17393925:C:A	19:17393925:A:C	0.0
rs2594714_A_G	19:13843757:G:A	19	13843757	0.0075	7.96818772867118	0.7657	0.0427	1.0759999999961594e-08	0.0381660665295827	0.0079103807901549	0.0006542092514958	49982.273336349936	51549.66114663611	rs2594714	19	13843757	0.0089999999999998	0.0709999999999999	0.0249999999999999	G	G	A	19:13954571:G:A	19:13954571:A:G	9.999995827675235e-05
rs6122906_A_G	20:50329374:A:G	20	50329374	0.008	9.61136603064824	0.1816	0.0507	2.4469999999998366e-10	0.0459334775294388	0.0081133484682086	0.0007640598506112	52446.910052606334	51549.66114663611	rs6122906	20	50329374	-0.0121999999999999	0.0629999999999999	0.004	A	G	A	20:48945911:A:G	20:48945911:A:G	0.0
rs16991615_A_G	20:5967581:G:A	20	5967581	0.0126	8.71737788712198	0.0626	0.0758	1.916999999999811e-09	0.0663194090467014	0.0136406248087985	0.0006743225595872	53470.37443948668	51549.66114663611	rs16991615	20	5967581	-0.1056	-0.4131	-0.1521	G	A	G	20:5948227:G:A	20:5948227:A:G	0.0
rs2403907_A_C	21:15202135:C:A	21	15202135	0.0067	31.7286224365234	0.6841	0.0796	1.8680029746571567e-32	0.0774372131099174	0.006868928061485	0.0027385794659808	51378.278461248825	51549.66114663611	rs2403907	21	15202135	0.086	-0.0729999999999999	0.0369999999999999	C	C	A	21:16574455:C:A	21:16574455:A:C	0.0
rs2822999_G_T	21:14992435:T:G	21	14992435	0.0088	10.6489771474159	0.173	0.0589	2.2439999999998755e-11	0.0534016119138806	0.0089997616832231	0.0009926866878199	45074.99077033382	51549.66114663611	rs2822999	21	14992435	-0.0989999999999999	-0.1117	-0.1036	T	G	T	21:16364756:T:G	21:16364756:G:T	0.0
rs5995875_C_T	22:40564688:C:T	22	40564688	0.0098	34.0439262390137	0.1068	0.1206	9.038029634391752e-35	0.117568138894518	0.0098340374785488	0.0027748823743872	54522.76410594916	51549.66114663611	rs5995875	22	40564688	-0.138	-0.2059999999999999	-0.1556999999999999	C	T	C	22:40960692:C:T	22:40960692:C:T	0.0
rs132289_A_G	22:29155884:A:G	22	29155884	0.0242	23.9854793548584	0.0178	0.2482	1.0340002532860558e-24	0.233570703448959	0.0238432558670777	0.0021540386028767	48898.83424624635	51549.66114663611	rs132289	22	29155884	-0.2759			A	A	G	22:29551872:A:G	22:29551872:A:G	0.0
rs75174485_G_T	22:28682717:T:G	22	28682717	0.028	23.975513458252	0.0155	0.2874	1.058002129303123e-24	0.266046176837112	0.0271777839592255	0.00252087285582	41765.09960171984	51549.66114663611	rs75174485	22	28682717	0.433	-0.176	-0.1085	T	G	T	22:29078705:T:G	22:29078705:G:T	0.0
rs62235753_C_T	22:28876649:C:T	22	28876649	0.0241	19.4947147369385	0.0171	0.2221	3.200996970086099e-20	0.208026950571185	0.0240842894945318	0.0016581833812638	51177.07252587264	51549.66114663611	rs62235753	22	28876649	0.1169999999999999	0.1060000000000001	0.1049999999999999	C	T	C	22:29272637:C:T	22:29272637:C:T	0.16000002861023072
rs4820318_A_G	22:38174306:G:A	22	38174306	0.0064	12.9871627752948	0.6247	0.0475	1.0300000000000649e-13	0.0444479845406942	0.0064195231834454	0.001057955218875	52279.07691290547	51549.66114663611	rs4820318	22	38174306	0.0529999999999999	0.062	0.0529999999999999	G	G	A	22:38570313:G:A	22:38570313:A:G	0.0
rs12628403_A_C	22:38962032:A:C	22	38962032	0.0123	11.246340352714	0.096	0.0849	5.671000000000014e-12	0.0774320252132996	0.0132399459370087	0.00125107987968	37919.33879190328	51549.66114663611	rs12628403	22	38962032	-0.1232999999999999	-0.0313999999999999	-0.12	A	C	A	22:39358037:A:C	22:39358037:A:C	0.0
rs9620778_A_G	22:28224596:G:A	22	28224596	0.0106	10.1835598320439	0.096	0.0695	6.552999999999427e-11	0.0623397100014346	0.0111678590343907	0.000838376832	50869.77608273105	51549.66114663611	rs9620778	22	28224596	-0.1243999999999999	0.0369999999999999	-0.0847	G	A	G	22:28620584:G:A	22:28620584:A:G	0.0
rs73161324_C_T	22:41642782:C:T	22	41642782	0.0135	8.70730099695629	0.0605	0.0807	1.9619999999990074e-09	0.0705251017874387	0.0147969299530613	0.0007403366069549	48641.47847440353	51549.66114663611	rs73161324	22	41642782	-0.0322	-0.3576	-0.0508999999999999	C	T	C	22:42038786:C:T	22:42038786:C:T	0.1296000102996828
rs28512361_A_G	22:45887417:G:A	22	45887417	0.0109	7.6480105445662	0.1127	0.0611	2.2489999999905104e-08	0.0526006881396809	0.0114828953608268	0.0007466323683181	41877.019743502446	51549.66114663611	rs28512361	22	45887417	-0.0979999999999999	-0.1004	-0.0929999999999999	G	A	G	22:46283297:G:A	22:46283297:A:G	0.0
