snp	rsit	chr	pos	a1	a2	af_controls	af_cases	beta	se	pval	n	neff	neglog10p	raf	rbeta	topmed_af	beta_cojo	se_cojo	pval_cojo	ld_r	rbeta_cojo	PosteriorMean	PosteriorSD	cojo_locus
1:98552832:A:T	rs1198588	1	98552832	A	T	0.212	0.194	-0.102597669168898	0.0108	1.731e-21	130644	58749.13	20.7617034912109	0.788	0.102597669168898	0.79346	-0.104576	0.0108204	4.25989e-22	0	0.104576	-0.0946768818955438	0.0124874427811614	FALSE
1:98419702:C:T	rs9729190	1	98419702	C	T	0.225	0.208	-0.0939041687013481	0.0105	3.346e-19	130644	58749.13	18.4754734039307	0.775	0.0939041687013481	NA	NA	NA	NA	NA	NA	-0.0841191490503983	0.0115414703389724	FALSE
1:73768366:C:A	rs12129573	1	73768366	C	A	0.634	0.616	-0.0777993924544118	0.0089	2.282e-18	130644	58749.13	17.6416835784912	0.366	0.0777993924544118	0.630276	-0.0789092	0.00890735	8.08183e-19	0	0.0789092	-0.0698678866579159	0.00878552387904134	FALSE
1:73899639:C:T	rs4523481	1	73899639	C	T	0.399	0.419	0.0744022145744603	0.0088	2.048e-17	130644	58749.13	16.6886692047119	0.399	0.0744022145744603	NA	NA	NA	NA	NA	NA	0.0667575236438193	0.00860030585329454	FALSE
1:98298371:A:G	rs4375301	1	98298371	A	G	0.756	0.773	0.0807040274149627	0.0102	2.946e-15	130644	58749.13	14.5307674407959	0.756	0.0807040274149627	NA	NA	NA	NA	NA	NA	0.0704009725943999	0.0101251959532584	FALSE
1:239198959:C:G	rs11587347	1	239198959	C	G	0.906	0.895	-0.103894923496216	0.0147	1.529e-12	130644	58749.13	11.8155927658081	0.094	0.103894923496216	NA	NA	NA	NA	NA	NA	-0.0869397483090125	0.0176387315292822	FALSE
1:243793012:T:C	rs145071536	1	243793012	T	C	0.808	0.799	-0.0851004766504662	0.012	1.615e-12	130644	58749.13	11.7918272018433	0.192	0.0851004766504662	0.808399	-0.0927039	0.0121132	1.96144e-14	0	0.0927039	-0.0711337558891263	0.0121110093169987	FALSE
1:44100084:G:A	rs11210892	1	44100084	G	A	0.33	0.347	0.0635004825618992	0.0091	2.678e-12	130644	58749.13	11.5721893310547	0.33	0.0635004825618992	0.66799	0.0637309	0.00910762	2.60509e-12	0	0.0637309	0.0559664787717636	0.00889407136728556	FALSE
1:244010441:T:G	rs61833239	1	244010441	T	G	0.815	0.806	-0.0862989035863658	0.0124	2.795e-12	130644	58749.13	11.5536184310913	0.185	0.0862989035863658	NA	NA	NA	NA	NA	NA	-0.0714714137354485	0.0125969070138445	FALSE
1:177276006:T:C	rs16851048	1	177276006	T	C	0.805	0.792	-0.0744972786929105	0.0107	4.149e-12	130644	58749.13	11.3820562362671	0.195	0.0744972786929105	0.804221	-0.0713119	0.0107173	2.85398e-11	0	0.0713119	-0.0635063766192941	0.0103779739869987	FALSE
1:73305782:G:A	rs662655	1	73305782	G	A	0.539	0.527	-0.0603021738083819	0.0087	4.675e-12	130644	58749.13	11.3302183151245	0.461	0.0603021738083819	NA	NA	NA	NA	NA	NA	-0.0535284401690657	0.00857434063093056	FALSE
1:30427639:A:G	rs56335113	1	30427639	A	G	0.303	0.316	0.0647010079358763	0.0094	6.017e-12	130644	58749.13	11.2206201553345	0.303	0.0647010079358763	0.687004	0.0678392	0.009412	5.68896e-13	0	0.0678392	0.0566135595680347	0.00917013157585572	FALSE
1:97835921:A:G	rs6701322	1	97835921	A	G	0.762	0.749	-0.0686000914922569	0.01	6.145e-12	130644	58749.13	11.2114782333374	0.238	0.0686000914922569	NA	NA	NA	NA	NA	NA	-0.0592604293694226	0.00969955912026139	FALSE
1:2373168:A:G	rs6673880	1	2373168	A	G	0.505	0.492	-0.0623010261973793	0.0091	7.195e-12	130644	58749.13	11.1429691314697	0.495	0.0623010261973793	0.513999	-0.0628535	0.00910426	5.06498e-12	0	0.0628535	-0.0548164609910313	0.00892807304112966	FALSE
1:73658562:T:C	rs10890017	1	73658562	T	C	0.497	0.485	-0.0584027170759943	0.0086	1.133e-11	130644	58749.13	10.9457702636719	0.503	0.0584027170759943	NA	NA	NA	NA	NA	NA	-0.0518285291087446	0.00853759205524296	FALSE
1:73556893:A:T	rs4233100	1	73556893	A	T	0.481	0.471	-0.0577986187273719	0.0086	1.973e-11	130644	58749.13	10.704873085022	0.519	0.0577986187273719	NA	NA	NA	NA	NA	NA	-0.0512314421960076	0.00856256372501324	FALSE
1:73421810:C:T	rs4590631	1	73421810	C	T	0.505	0.495	-0.0557030028762507	0.0086	1.15e-10	130644	58749.13	9.93930053710938	0.495	0.0557030028762507	NA	NA	NA	NA	NA	NA	-0.0491307287301314	0.0086612940085669	FALSE
1:200414959:C:T	rs7515363	1	200414959	C	T	0.381	0.389	0.0535028515173065	0.0089	1.836e-09	130644	58749.13	8.73612689971924	0.381	0.0535028515173065	0.619411	0.0523944	0.0089512	4.8181e-09	0	0.0523944	0.0463344221036963	0.00914141024840286	FALSE
1:177419629:A:G	rs11576836	1	177419629	A	G	0.839	0.83	-0.0691035919019447	0.0117	3.455e-09	130644	58749.13	8.46155166625977	0.161	0.0691035919019447	NA	NA	NA	NA	NA	NA	-0.0563823726050513	0.0114943129243804	FALSE
1:8431607:C:T	rs3795310	1	8431607	C	T	0.537	0.543	0.0509972505709038	0.0087	5.75e-09	130644	58749.13	8.24032592773438	0.537	0.0509972505709038	0.529461	0.0528294	0.00870433	1.28452e-09	0	0.0528294	0.0440247708305594	0.00905828445965092	FALSE
1:98187755:C:T	rs4304627	1	98187755	C	T	0.125	0.115	-0.0777021156640369	0.0134	6.912e-09	130644	58749.13	8.16039657592773	0.875	0.0777021156640369	NA	NA	NA	NA	NA	NA	-0.0606901219053974	0.0131710980198128	FALSE
1:150115398:T:A	rs12138231	1	150115398	T	A	0.183	0.171	-0.0669948688242784	0.0116	7.99e-09	130644	58749.13	8.09745788574219	0.817	0.0669948688242784	NA	NA	NA	NA	NA	NA	-0.0545516156765696	0.0114928890389264	FALSE
1:29032580:G:A	rs61786047	1	29032580	G	A	0.878	0.886	0.0778032789468595	0.0135	8.335e-09	130644	58749.13	8.07909393310547	0.878	0.0778032789468595	0.875888	0.0748598	0.0135127	3.0253e-08	0	0.0748598	0.0605391827131845	0.0132844660172095	FALSE
1:150001632:T:C	rs72692857	1	150001632	T	C	0.835	0.847	0.0680043830932363	0.0118	9.387e-09	130644	58749.13	8.02747344970703	0.835	0.0680043830932363	0.832115	0.0680801	0.011803	8.01956e-09	0	0.0680801	0.0550919540790078	0.0116713223927287	FALSE
1:74077588:T:C	rs7540134	1	74077588	T	C	0.443	0.454	0.0495041949030891	0.0086	9.874e-09	130644	58749.13	8.00550651550293	0.443	0.0495041949030891	NA	NA	NA	NA	NA	NA	0.0425813943735858	0.00902778892932842	FALSE
1:243667900:T:G	rs9428966	1	243667900	T	G	0.737	0.751	0.055500929860874	0.0099	2.018e-08	130644	58749.13	7.69507884979248	0.737	0.055500929860874	NA	NA	NA	NA	NA	NA	0.0464862924106827	0.0102399005334517	FALSE
1:36628033:G:A	rs11263861	1	36628033	G	A	0.326	0.318	-0.0521041493573948	0.0093	2.018e-08	130644	58749.13	7.69507884979248	0.674	0.0521041493573948	0.685332	-0.0531993	0.00931059	1.1045e-08	0	0.0531993	-0.0440561661780496	0.00973436278243889	FALSE
1:243505950:T:G	rs4658559	1	243505950	T	G	0.284	0.274	-0.0542027860143161	0.0097	2.135e-08	130644	58749.13	7.67060232162476	0.716	0.0542027860143161	NA	NA	NA	NA	NA	NA	-0.0455112142869062	0.010086594652914	FALSE
1:230272624:G:A	rs11807834	1	230272624	G	A	0.737	0.728	-0.0548047153744336	0.0099	2.978e-08	130644	58749.13	7.52607536315918	0.263	0.0548047153744336	0.741956	-0.0552258	0.00990341	2.45488e-08	0	0.0552258	-0.0457374056711214	0.0102955193532133	FALSE
1:29141155:G:A	rs533123	1	29141155	G	A	0.189	0.182	-0.0613967948653235	0.0111	3.557e-08	130644	58749.13	7.44891595840454	0.811	0.0613967948653235	NA	NA	NA	NA	NA	NA	-0.0500463160324394	0.0112887865614592	FALSE
1:66331478:T:A	rs1892346	1	66331478	T	A	0.436	0.428	-0.0484027392281675	0.0088	3.557e-08	130644	58749.13	7.44891595840454	0.564	0.0484027392281675	NA	NA	NA	NA	NA	NA	-0.0409598136573471	0.00934555122893696	FALSE
2:233743109:A:G	rs778371	2	233743109	A	G	0.714	0.699	-0.0806028645320996	0.0095	1.495e-17	130644	58749.13	16.8253593444824	0.286	0.0806028645320996	0.710092	-0.0812349	0.00951157	1.33479e-17	0	0.0812349	-0.0715861103615649	0.00946426826691832	FALSE
2:233638351:G:A	rs974321	2	233638351	G	A	0.351	0.366	0.0743000965537901	0.009	1.239e-16	130644	58749.13	15.9069290161133	0.351	0.0743000965537901	NA	NA	NA	NA	NA	NA	0.0663335889732816	0.00878393898364682	FALSE
2:57961602:C:G	rs13011472	2	57961602	C	G	0.516	0.498	-0.070401005299324	0.0087	4.282e-16	130644	58749.13	15.3683528900146	0.484	0.070401005299324	0.510761	-0.0783643	0.00875204	3.4336e-19	0	0.0783643	-0.0631216270840777	0.00845204845225032	FALSE
2:199990107:A:G	rs1451488	2	199990107	A	G	0.445	0.432	-0.0708946787765477	0.0087	4.472e-16	130644	58749.13	15.349497795105	0.555	0.0708946787765477	0.545863	-0.0647953	0.0087443	1.26297e-13	0	0.0647953	-0.0635877674710814	0.00845591496689113	FALSE
2:58171220:A:C	rs1518393	2	58171220	A	C	0.386	0.371	-0.0711952950421515	0.009	1.868e-15	130644	58749.13	14.7286233901978	0.614	0.0711952950421515	NA	NA	NA	NA	NA	NA	-0.0633933046125794	0.00873877293747286	FALSE
2:200100125:T:G	rs57772917	2	200100125	T	G	0.458	0.445	-0.0671980545634774	0.0088	2.022e-14	130644	58749.13	13.6942186355591	0.542	0.0671980545634774	NA	NA	NA	NA	NA	NA	-0.0599468552140687	0.00854338602319783	FALSE
2:200810957:C:G	rs11680723	2	200810957	C	G	0.828	0.816	-0.0864951466230935	0.0113	2.052e-14	130644	58749.13	13.6878223419189	0.172	0.0864951466230935	NA	NA	NA	NA	NA	NA	-0.0740824245023913	0.011585909330315	FALSE
2:201146399:G:A	rs11687313	2	201146399	G	A	0.868	0.858	-0.0954981974785401	0.0126	2.84e-14	130644	58749.13	13.5466766357422	0.132	0.0954981974785401	NA	NA	NA	NA	NA	NA	-0.0813596780285904	0.0140084254828461	FALSE
2:58383820:C:T	rs7596038	2	58383820	C	T	0.57	0.586	0.0661996407142037	0.0087	2.996e-14	130644	58749.13	13.523458480835	0.57	0.0661996407142037	NA	NA	NA	NA	NA	NA	0.0591603775827018	0.00845403902083853	FALSE
2:200963752:G:C	rs78954994	2	200963752	G	C	0.849	0.838	-0.090296767981159	0.0119	3.803e-14	130644	58749.13	13.4198732376099	0.151	0.090296767981159	NA	NA	NA	NA	NA	NA	-0.076890842748622	0.0125829353765191	FALSE
2:198281743:T:C	rs699318	2	198281743	T	C	0.324	0.335	0.0672005996602386	0.0092	2.268e-13	130644	58749.13	12.6443567276001	0.324	0.0672005996602386	NA	NA	NA	NA	NA	NA	0.0593098084186964	0.00892922243539841	FALSE
2:198383381:A:G	rs10187815	2	198383381	A	G	0.323	0.333	0.0651976788453886	0.0092	1.309e-12	130644	58749.13	11.8830604553223	0.323	0.0651976788453886	NA	NA	NA	NA	NA	NA	0.057417731160613	0.00895749933219563	FALSE
2:198485341:A:C	rs2045245	2	198485341	A	C	0.319	0.329	0.0632001258860912	0.0092	7.916e-12	130644	58749.13	11.1014938354492	0.319	0.0632001258860912	NA	NA	NA	NA	NA	NA	0.0555147629571578	0.00900485171159541	FALSE
2:145183851:T:C	rs13016542	2	145183851	T	C	0.864	0.876	0.0883038746878331	0.0129	8.282e-12	130644	58749.13	11.0818643569946	0.864	0.0883038746878331	0.868157	0.0683337	0.013405	3.43958e-07	0	0.0683337	0.0724102985695675	0.013282475065768	FALSE
2:22749726:T:C	rs12712510	2	22749726	T	C	0.473	0.488	0.0574006067311047	0.0087	5.144e-11	130644	58749.13	10.2886991500854	0.473	0.0574006067311047	0.524237	0.0617226	0.00871236	1.39561e-12	0	0.0617226	0.0506739035677133	0.00869031835412109	FALSE
2:198707950:A:T	rs700680	2	198707950	A	T	0.32	0.329	0.0590044865764036	0.0092	1.238e-10	130644	58749.13	9.9072790145874	0.32	0.0590044865764036	NA	NA	NA	NA	NA	NA	0.0514277673906831	0.00917012454115496	FALSE
2:198809410:T:C	rs1518365	2	198809410	T	C	0.319	0.328	0.0580990823836463	0.0092	2.517e-10	130644	58749.13	9.59911632537842	0.319	0.0580990823836463	NA	NA	NA	NA	NA	NA	0.050523649598122	0.00921743813808676	FALSE
2:198164530:A:G	rs1896857	2	198164530	A	G	0.653	0.642	-0.0570043080677942	0.009	3.013e-10	130644	58749.13	9.52100086212158	0.347	0.0570043080677942	NA	NA	NA	NA	NA	NA	-0.0497706137254612	0.0090484988504782	FALSE
2:198921201:G:A	rs1837495	2	198921201	G	A	0.314	0.323	0.0577027101282892	0.0092	3.853e-10	130644	58749.13	9.41420078277588	0.314	0.0577027101282892	NA	NA	NA	NA	NA	NA	0.0501248309061165	0.00923937426194657	FALSE
2:185601420:C:T	rs11693094	2	185601420	C	T	0.539	0.556	0.054402954379292	0.0087	4.292e-10	130644	58749.13	9.36734008789062	0.539	0.054402954379292	0.543878	0.0554372	0.00870664	1.92472e-10	0	0.0554372	0.0476303598657078	0.00884791763743181	FALSE
2:185811940:A:C	rs4380187	2	185811940	A	C	0.536	0.553	0.0540998523168248	0.0087	4.305e-10	130644	58749.13	9.36602687835693	0.536	0.0540998523168248	NA	NA	NA	NA	NA	NA	0.0473162366270744	0.00886564391478275	FALSE
2:22623392:A:G	rs11887562	2	22623392	A	G	0.468	0.481	0.0539008916487975	0.0087	5.367e-10	130644	58749.13	9.27026844024658	0.468	0.0539008916487975	NA	NA	NA	NA	NA	NA	0.0471093533454185	0.00887742568767386	FALSE
2:58275666:G:A	rs986512	2	58275666	G	A	0.351	0.338	-0.0562000496881991	0.0091	5.909e-10	130644	58749.13	9.22848606109619	0.649	0.0562000496881991	NA	NA	NA	NA	NA	NA	-0.0487758535887701	0.0092108359615748	FALSE
2:58063748:C:A	rs1520965	2	58063748	C	A	0.298	0.287	-0.0584027170759943	0.0095	6.613e-10	130644	58749.13	9.17960166931152	0.702	0.0584027170759943	NA	NA	NA	NA	NA	NA	-0.0502882511288583	0.00954617226905946	FALSE
2:146425531:A:G	rs16825349	2	146425531	A	G	0.824	0.814	-0.0689000186550519	0.0112	7.722e-10	130644	58749.13	9.11227035522461	0.176	0.0689000186550519	0.823339	-0.0708009	0.0112354	2.94617e-10	0	0.0708009	-0.0572484991771986	0.0109408153744158	FALSE
2:198588950:A:C	rs700638	2	198588950	A	C	0.328	0.336	0.0555955265008719	0.0091	1.173e-09	130644	58749.13	8.93070220947266	0.328	0.0555955265008719	NA	NA	NA	NA	NA	NA	0.0481540277691677	0.00924799896107599	FALSE
2:201253769:G:A	rs3739118	2	201253769	G	A	0.709	0.719	0.0570039574677328	0.0095	2.364e-09	130644	58749.13	8.62635231018066	0.709	0.0570039574677328	NA	NA	NA	NA	NA	NA	0.0488629517715669	0.00963461130759691	FALSE
2:172956449:A:C	rs62183855	2	172956449	A	C	0.808	0.814	0.0660966815748511	0.0111	2.658e-09	130644	58749.13	8.5754451751709	0.808	0.0660966815748511	0.803385	0.0702357	0.0111218	2.69901e-10	0	0.0702357	0.0547551036009792	0.0109554978532083	FALSE
2:73837955:A:G	rs6546857	2	73837955	A	G	0.768	0.757	-0.0603977725486758	0.0102	2.744e-09	130644	58749.13	8.56161594390869	0.232	0.0603977725486758	0.758567	-0.0570551	0.0102275	2.42438e-08	0	0.0570551	-0.0509549460332641	0.0102464655748078	FALSE
2:200228383:C:T	rs7571383	2	200228383	C	T	0.881	0.889	0.0803995670685707	0.0136	3.003e-09	130644	58749.13	8.52244472503662	0.881	0.0803995670685707	NA	NA	NA	NA	NA	NA	0.0628057240172249	0.0134017781667619	FALSE
2:73624844:C:T	rs11679809	2	73624844	C	T	0.781	0.771	-0.0605040040910452	0.0103	4.762e-09	130644	58749.13	8.32221031188965	0.219	0.0605040040910452	NA	NA	NA	NA	NA	NA	-0.0508604229489802	0.0103595239100195	FALSE
2:37575381:C:G	rs3770754	2	37575381	C	G	0.632	0.645	0.0528960093534967	0.0091	5.352e-09	130644	58749.13	8.27148342132568	0.632	0.0528960093534967	0.62641	0.0495803	0.00913453	5.70567e-08	0	0.0495803	0.0453125370572417	0.00942708917096032	FALSE
2:58484172:A:G	rs11690710	2	58484172	A	G	0.659	0.669	0.053000336561653	0.0092	7.423e-09	130644	58749.13	8.12942028045654	0.659	0.053000336561653	NA	NA	NA	NA	NA	NA	0.0452298585106585	0.00954427856318273	FALSE
2:225432470:C:A	rs72974238	2	225432470	C	A	0.669	0.68	0.0528011569911275	0.0092	8.741e-09	130644	58749.13	8.05843925476074	0.669	0.0528011569911275	NA	NA	NA	NA	NA	NA	0.045015176722719	0.0095583487953151	FALSE
2:79433742:C:G	rs17016552	2	79433742	C	G	0.654	0.661	0.0517002115855168	0.0091	1.2e-08	130644	58749.13	7.92083740234375	0.654	0.0517002115855168	0.648872	0.0456681	0.00923712	7.65443e-07	0	0.0456681	0.0440179220736436	0.00950999536727128	FALSE
2:185926285:G:C	rs17584976	2	185926285	G	C	0.547	0.564	0.0501035869662456	0.0088	1.465e-08	130644	58749.13	7.83416223526001	0.547	0.0501035869662456	NA	NA	NA	NA	NA	NA	0.042856766249493	0.00923992397601792	FALSE
2:162845855:G:A	rs2909457	2	162845855	G	A	0.436	0.451	0.0489996660319079	0.0087	1.482e-08	130644	58749.13	7.82915163040161	0.436	0.0489996660319079	0.550982	0.0513187	0.00871508	3.89729e-09	0	0.0513187	0.0418289504267902	0.00918358160377993	FALSE
2:97746526:A:G	rs7575796	2	97746526	A	G	0.906	0.917	0.0963005982689046	0.0172	2.065e-08	130644	58749.13	7.68508005142212	0.906	0.0963005982689046	0.918512	0.0967265	0.0172091	1.90225e-08	0	0.0967265	0.069200223230606	0.0186847923269091	FALSE
2:2327295:G:A	rs6715366	2	2327295	G	A	0.733	0.723	-0.0540972217202848	0.0097	2.492e-08	130644	58749.13	7.6034517288208	0.267	0.0540972217202848	0.732971	-0.0550764	0.00970358	1.37974e-08	0	0.0550764	-0.0453969749393709	0.0100947956439409	FALSE
2:73734133:G:A	rs13411311	2	73734133	G	A	0.778	0.768	-0.0573007769142667	0.0103	2.5e-08	130644	58749.13	7.60205078125	0.222	0.0573007769142667	NA	NA	NA	NA	NA	NA	-0.0475448132405312	0.0106056072590439	FALSE
2:60389362:A:T	rs4672366	2	60389362	A	T	0.702	0.711	0.054402954379292	0.0098	2.802e-08	130644	58749.13	7.55253171920776	0.702	0.054402954379292	0.695466	0.0603427	0.00987246	9.82518e-10	0	0.0603427	0.0455164315353405	0.0101989754213442	FALSE
2:212290048:T:C	rs3791710	2	212290048	T	C	0.797	0.804	0.0600032523358097	0.0108	3.02e-08	130644	58749.13	7.51999664306641	0.797	0.0600032523358097	0.794087	0.0591634	0.010808	4.39892e-08	0	0.0591634	0.0492794322663448	0.0110211007011947	FALSE
2:97500775:A:G	rs78381888	2	97500775	A	G	0.805	0.821	0.0663961696396827	0.012	3.023e-08	130644	58749.13	7.51956176757812	0.805	0.0663961696396827	NA	NA	NA	NA	NA	NA	0.053032755348544	0.0120310497375341	FALSE
2:213402641:G:C	rs1384292	2	213402641	G	C	0.548	0.54	-0.0488016642355575	0.0088	3.046e-08	130644	58749.13	7.51627016067505	0.452	0.0488016642355575	0.542624	-0.0476195	0.00881163	6.51105e-08	0	0.0476195	-0.0414085858344224	0.00932157698836775	FALSE
2:98275354:G:A	rs11692435	2	98275354	G	A	0.904	0.915	0.0863978554904648	0.0156	3.176e-08	130644	58749.13	7.49811935424805	0.904	0.0863978554904648	NA	NA	NA	NA	NA	NA	0.0633741788723618	0.0158541680000566	FALSE
2:156835793:G:T	rs1881046	2	156835793	G	T	0.66	0.67	0.0507026199737612	0.0092	3.392e-08	130644	58749.13	7.46954393386841	0.66	0.0507026199737612	NA	NA	NA	NA	NA	NA	0.042714645030276	0.00970609734324244	FALSE
2:213185645:G:A	rs4630706	2	213185645	G	A	0.615	0.623	0.0505980527630914	0.0092	3.908e-08	130644	58749.13	7.40804529190063	0.615	0.0505980527630914	NA	NA	NA	NA	NA	NA	0.0425981702595515	0.0097133061563126	FALSE
2:200692159:G:C	rs769954	2	200692159	G	C	0.318	0.328	0.0509022179271191	0.0093	3.92e-08	130644	58749.13	7.40671539306641	0.318	0.0509022179271191	NA	NA	NA	NA	NA	NA	0.042727642595481	0.00982020553277359	FALSE
3:52815905:T:C	rs2710323	3	52815905	T	C	0.51	0.531	0.0784044433741818	0.0086	1.229e-19	130644	58749.13	18.9104480743408	0.51	0.0784044433741818	0.508671	0.0723455	0.0088865	3.91841e-16	0	0.0723455	0.0709555232099927	0.00852365710063042	FALSE
3:52965713:G:A	rs2710339	3	52965713	G	A	0.345	0.329	-0.0807004239214553	0.0091	8.906e-19	130644	58749.13	18.0503177642822	0.655	0.0807004239214553	NA	NA	NA	NA	NA	NA	-0.0723866390590667	0.00909013007002971	FALSE
3:52628056:C:A	rs2577831	3	52628056	C	A	0.504	0.525	0.0754042744478771	0.0086	2.313e-18	130644	58749.13	17.6358242034912	0.504	0.0754042744478771	NA	NA	NA	NA	NA	NA	0.068040173900051	0.00843657015664428	FALSE
3:53101580:C:T	rs6799185	3	53101580	C	T	0.657	0.673	0.0780992819830517	0.0092	1.469e-17	130644	58749.13	16.8329772949219	0.657	0.0780992819830517	NA	NA	NA	NA	NA	NA	0.0696519532214983	0.00907672498027174	FALSE
3:52338852:T:C	rs9311474	3	52338852	T	C	0.493	0.51	0.0667984655384157	0.0086	9.537e-15	130644	58749.13	14.0205879211426	0.493	0.0667984655384157	NA	NA	NA	NA	NA	NA	0.0598791987299209	0.00835407687927678	FALSE
3:180733150:C:T	rs7647398	3	180733150	C	T	0.8	0.811	0.0774979340203838	0.0109	1.074e-12	130644	58749.13	11.9689960479736	0.8	0.0774979340203838	0.799519	0.0702997	0.0110391	1.91215e-10	0	0.0702997	0.0659582405931793	0.0106357838660375	FALSE
3:180849619:G:A	rs13077245	3	180849619	G	A	0.8	0.811	0.075997614226465	0.0109	2.829e-12	130644	58749.13	11.5483675003052	0.8	0.075997614226465	NA	NA	NA	NA	NA	NA	0.0645355953719214	0.0105950000745525	FALSE
3:36848316:C:T	rs9876421	3	36848316	C	T	0.657	0.645	-0.0625032603532887	0.0092	9.192e-12	130644	58749.13	11.0365896224976	0.343	0.0625032603532887	0.646051	-0.0616952	0.00923038	2.32622e-11	0	0.0616952	-0.054845604323162	0.00902605931405705	FALSE
3:180616616:G:A	rs35709455	3	180616616	G	A	0.793	0.803	0.0727019842157449	0.0107	1.296e-11	130644	58749.13	10.8873949050903	0.793	0.0727019842157449	NA	NA	NA	NA	NA	NA	0.0618203632517252	0.010364053328854	FALSE
3:180954118:A:T	rs35678296	3	180954118	A	T	0.8	0.811	0.0739008078395342	0.011	1.48e-11	130644	58749.13	10.8297424316406	0.8	0.0739008078395342	NA	NA	NA	NA	NA	NA	0.0623662305096764	0.0106617957477083	FALSE
3:2547786:G:T	rs17194490	3	2547786	G	T	0.839	0.827	-0.0781994075954536	0.0116	1.795e-11	130644	58749.13	10.7459354400635	0.161	0.0781994075954536	0.830338	-0.0811602	0.0116094	2.73169e-12	0	0.0811602	-0.065218937810497	0.0113205855003567	FALSE
3:63903759:A:G	rs6798742	3	63903759	A	G	0.693	0.68	-0.061099109367851	0.0093	4.569e-11	130644	58749.13	10.3401784896851	0.307	0.061099109367851	NA	NA	NA	NA	NA	NA	-0.0533166239031611	0.009184222118931	FALSE
3:181220879:T:G	rs6762456	3	181220879	T	G	0.199	0.19	-0.0740018239414889	0.0113	5.106e-11	130644	58749.13	10.2919187545776	0.801	0.0740018239414889	0.792102	-0.0706593	0.0114486	6.74835e-10	0	0.0706593	-0.0618650244002888	0.0109582401363858	FALSE
3:136398387:A:G	rs7634476	3	136398387	A	G	0.414	0.397	-0.0577032681284449	0.0088	5.462e-11	130644	58749.13	10.2626485824585	0.586	0.0577032681284449	0.602173	-0.0577666	0.00880283	5.29937e-11	0	0.0577666	-0.0508111811357642	0.00878712477055209	FALSE
3:52467263:G:A	rs648514	3	52467263	G	A	0.54	0.527	-0.0573007769142667	0.0088	6.471e-11	130644	58749.13	10.1890287399292	0.46	0.0573007769142667	NA	NA	NA	NA	NA	NA	-0.0504089856879217	0.00880652345753914	FALSE
3:16875823:T:C	rs12489270	3	16875823	T	C	0.625	0.612	-0.0579045745015309	0.0089	7.468e-11	130644	58749.13	10.1267957687378	0.375	0.0579045745015309	NA	NA	NA	NA	NA	NA	-0.0508451571493674	0.00888885349894441	FALSE
3:136288405:G:A	rs7432375	3	136288405	G	A	0.587	0.604	0.0570984120398765	0.0088	8.332e-11	130644	58749.13	10.0792503356934	0.587	0.0570984120398765	NA	NA	NA	NA	NA	NA	0.0502060906293732	0.0088165456897837	FALSE
3:136154828:C:T	rs66691851	3	136154828	C	T	0.587	0.604	0.0565031992337321	0.0088	1.238e-10	130644	58749.13	9.9072790145874	0.587	0.0565031992337321	NA	NA	NA	NA	NA	NA	0.049606585610159	0.00884703995222304	FALSE
3:53443354:T:C	rs13080668	3	53443354	T	C	0.691	0.704	0.0600974240485804	0.0094	1.385e-10	130644	58749.13	9.85855007171631	0.691	0.0600974240485804	0.690974	0.0466843	0.00969409	1.46649e-06	0	0.0466843	0.052160041313685	0.00933953498327433	FALSE
3:136031358:G:C	rs527888	3	136031358	G	C	0.577	0.594	0.0548952993715794	0.0087	3.468e-10	130644	58749.13	9.45992088317871	0.577	0.0548952993715794	NA	NA	NA	NA	NA	NA	0.0481379613010034	0.008819739329988	FALSE
3:136508008:C:A	rs1280622	3	136508008	C	A	0.414	0.4	-0.0553964376203783	0.0088	3.887e-10	130644	58749.13	9.41038513183594	0.586	0.0553964376203783	NA	NA	NA	NA	NA	NA	-0.048480391710192	0.00890755628686449	FALSE
3:181090035:T:C	rs35589824	3	181090035	T	C	0.934	0.94	0.113703615012076	0.0182	4.471e-10	130644	58749.13	9.34959506988525	0.934	0.113703615012076	NA	NA	NA	NA	NA	NA	0.0902475256460167	0.0234712077050141	FALSE
3:135872958:G:C	rs7372313	3	135872958	G	C	0.551	0.566	0.054497654936202	0.0088	5.284e-10	130644	58749.13	9.27703762054443	0.551	0.054497654936202	NA	NA	NA	NA	NA	NA	0.0475541203427829	0.00895998549676872	FALSE
3:17868759:C:T	rs1430894	3	17868759	C	T	0.517	0.506	-0.0532952970582236	0.0086	6.154e-10	130644	58749.13	9.21084213256836	0.483	0.0532952970582236	0.525282	-0.0543811	0.00863378	3.00267e-10	0	0.0543811	-0.0466515866454148	0.00879494274956739	FALSE
3:60290063:C:G	rs741896	3	60290063	C	G	0.658	0.647	-0.0544033888793865	0.0091	2.171e-09	130644	58749.13	8.66334056854248	0.342	0.0544033888793865	0.659005	-0.0558071	0.00910695	8.90096e-10	0	0.0558071	-0.0469126310194059	0.00932488034233889	FALSE
3:17717340:G:T	rs9869999	3	17717340	G	T	0.353	0.342	-0.0542978034078492	0.0092	3.051e-09	130644	58749.13	8.51555824279785	0.647	0.0542978034078492	NA	NA	NA	NA	NA	NA	-0.0466129995245785	0.00945388610792506	FALSE
3:53264214:G:A	rs11717767	3	53264214	G	A	0.618	0.633	0.0524026787930484	0.0089	3.627e-09	130644	58749.13	8.44045257568359	0.618	0.0524026787930484	NA	NA	NA	NA	NA	NA	0.0451646396375942	0.00921334337425561	FALSE
3:17607956:C:G	rs9847461	3	17607956	C	G	0.551	0.564	0.0515007728624032	0.0087	3.766e-09	130644	58749.13	8.42411994934082	0.551	0.0515007728624032	NA	NA	NA	NA	NA	NA	0.0445686892874778	0.00902622646384263	FALSE
3:52238677:C:T	rs352166	3	52238677	C	T	0.461	0.474	0.0505980527630914	0.0086	4.355e-09	130644	58749.13	8.36101150512695	0.461	0.0505980527630914	NA	NA	NA	NA	NA	NA	0.0437778052877732	0.00896018924065761	FALSE
3:161487491:C:A	rs308697	3	161487491	C	A	0.564	0.574	0.0501035869662456	0.0087	8.832e-09	130644	58749.13	8.05394077301025	0.564	0.0501035869662456	0.559967	0.0498879	0.00870684	1.00588e-08	0	0.0498879	0.0430498964297325	0.00911501179462702	FALSE
3:71563777:G:T	rs60135207	3	71563777	G	T	0.585	0.596	0.0495993604912842	0.0088	1.526e-08	130644	58749.13	7.81644535064697	0.585	0.0495993604912842	NA	NA	NA	NA	NA	NA	0.0422989257947109	0.00927204735888558	FALSE
3:107379837:A:G	rs167924	3	107379837	A	G	0.369	0.359	-0.0501991563328521	0.009	2.339e-08	130644	58749.13	7.6309700012207	0.631	0.0501991563328521	0.628918	-0.0502327	0.00900454	2.42469e-08	0	0.0502327	-0.0425650830559286	0.00948571308535719	FALSE
3:17330092:G:A	rs2470578	3	17330092	G	A	0.517	0.529	0.0485044090596151	0.0087	2.349e-08	130644	58749.13	7.62911701202393	0.517	0.0485044090596151	NA	NA	NA	NA	NA	NA	0.0412753083558148	0.00921334293210516	FALSE
3:64003983:G:A	rs831692	3	64003983	G	A	0.686	0.676	-0.0515038428671156	0.0093	2.692e-08	130644	58749.13	7.56992483139038	0.314	0.0515038428671156	NA	NA	NA	NA	NA	NA	-0.0433955508639962	0.0097775105018311	FALSE
3:117772036:A:G	rs1604060	3	117772036	A	G	0.115	0.103	-0.0772050709089715	0.014	3.241e-08	130644	58749.13	7.48932075500488	0.885	0.0772050709089715	NA	NA	NA	NA	NA	NA	-0.0586601964153023	0.0138995501659692	FALSE
3:117547059:C:T	rs62266065	3	117547059	C	T	0.875	0.888	0.074002966640836	0.0134	3.527e-08	130644	58749.13	7.45259475708008	0.875	0.074002966640836	0.877873	0.0726842	0.0134043	5.87876e-08	0	0.0726842	0.057090647101267	0.0132917860739062	FALSE
3:30044778:T:C	rs6549963	3	30044778	T	C	0.584	0.596	0.0483043318863239	0.0088	4.308e-08	130644	58749.13	7.36572408676147	0.584	0.0483043318863239	NA	NA	NA	NA	NA	NA	0.0408487575164403	0.00935136753475069	FALSE
4:103188709:C:T	rs13107325	4	103188709	C	T	0.933	0.919	-0.158702691195321	0.0168	2.9e-21	129529	58439.19	20.53759765625	0.0669999999999999	0.158702691195321	0.927288	-0.155081	0.016822	3.00002e-20	0	0.155081	-0.151700318346484	0.0166734733130337	FALSE
4:103001649:G:T	rs1813006	4	103001649	G	T	0.944	0.934	-0.139997970227541	0.0191	2.451e-13	128090	57900.31	12.6106567382812	0.056	0.139997970227541	NA	NA	NA	NA	NA	NA	-0.128852220709255	0.0215740148247896	FALSE
4:103292422:T:C	rs13109272	4	103292422	T	C	0.93	0.919	-0.112004762080243	0.0163	7.438e-12	130644	58749.13	11.1285438537598	0.07	0.112004762080243	NA	NA	NA	NA	NA	NA	-0.0943219881499255	0.0206686742777629	FALSE
4:176859992:A:G	rs2333321	4	176859992	A	G	0.208	0.218	0.0712037590063322	0.0105	1.248e-11	130644	58749.13	10.9037857055664	0.208	0.0712037590063322	0.795132	0.0524473	0.0109269	1.58784e-06	0	0.0524473	0.0607924438209011	0.0101703671445293	TRUE
4:176731401:G:A	rs12498839	4	176731401	G	A	0.941	0.937	-0.118704710267967	0.0183	7.904e-11	128157	57604.43	10.1021528244019	0.0590000000000001	0.118704710267967	0.944212	-0.0969205	0.0190398	3.57297e-07	0	0.0969205	-0.0983660190471248	0.0240173598437837	FALSE
4:23423586:G:A	rs215412	4	23423586	G	A	0.672	0.661	-0.0577032681284449	0.0091	2.692e-10	130644	58749.13	9.56992530822754	0.328	0.0577032681284449	0.670184	-0.0587805	0.00912309	1.17101e-10	0	0.0587805	-0.0503013061309057	0.00912480114262081	FALSE
4:102896591:T:G	rs13109404	4	102896591	T	G	0.937	0.928	-0.110395391622456	0.0179	6.328e-10	129529	58439.19	9.19873332977295	0.0629999999999999	0.110395391622456	NA	NA	NA	NA	NA	NA	-0.0860304989377987	0.0225147430275033	FALSE
4:170322312:C:T	rs61405217	4	170322312	C	T	0.459	0.472	0.0499038295281839	0.0086	7.025e-09	130644	58749.13	8.15335369110107	0.459	0.0499038295281839	NA	NA	NA	NA	NA	NA	0.0430205812245359	0.00900323914580763	FALSE
4:170202862:C:T	rs7653924	4	170202862	C	T	0.518	0.502	-0.0499047851286405	0.0087	7.854e-09	130644	58749.13	8.10490894317627	0.482	0.0499047851286405	NA	NA	NA	NA	NA	NA	-0.0428313755231795	0.00912752770109474	FALSE
4:706700:T:C	rs35734242	4	706700	T	C	0.574	0.562	-0.0507039943747058	0.0089	1.368e-08	130644	58749.13	7.86391401290894	0.426	0.0507039943747058	0.571772	-0.0514209	0.00890333	7.67399e-09	0	0.0514209	-0.0433218504823212	0.00932617811982949	FALSE
4:170536111:T:A	rs7696555	4	170536111	T	A	0.47	0.484	0.0485996698360624	0.0087	1.948e-08	130644	58749.13	7.71041107177734	0.47	0.0485996698360624	NA	NA	NA	NA	NA	NA	0.0413820769187922	0.00920768060304514	FALSE
4:31202669:G:A	rs11941714	4	31202669	G	A	0.664	0.673	0.0515957486436504	0.0093	3.073e-08	130644	58749.13	7.51243734359741	0.664	0.0515957486436504	0.667781	0.0457261	0.00939148	1.12226e-06	0	0.0457261	0.0434970684648151	0.00977093191196349	FALSE
4:30823157:G:T	rs13145415	4	30823157	G	T	0.832	0.84	0.064297867182731	0.0117	3.951e-08	130644	58749.13	7.40329313278198	0.832	0.064297867182731	NA	NA	NA	NA	NA	NA	0.0516248990580393	0.0118168195984643	FALSE
4:167974142:G:C	rs1427633	4	167974142	G	C	0.407	0.419	0.0483043318863239	0.0088	4.097e-08	130644	58749.13	7.38753414154053	0.407	0.0483043318863239	0.587443	0.0485273	0.00881587	3.70138e-08	0	0.0485273	0.0408487575164403	0.00935136753475069	FALSE
5:60621839:C:G	rs4700418	5	60621839	C	G	0.507	0.489	-0.070197167789298	0.0087	5.366e-16	130644	58749.13	15.2703495025635	0.493	0.070197167789298	NA	NA	NA	NA	NA	NA	-0.0629292741242228	0.00845069680217278	FALSE
5:60727990:T:C	rs10939902	5	60727990	T	C	0.515	0.497	-0.0694036701388791	0.0086	7.356e-16	130644	58749.13	15.133358001709	0.485	0.0694036701388791	NA	NA	NA	NA	NA	NA	-0.0623360291772162	0.00835288397235985	FALSE
5:60843706:T:A	rs6898746	5	60843706	T	A	0.488	0.472	-0.066503116358279	0.0087	2.211e-14	130644	58749.13	13.6554117202759	0.512	0.066503116358279	NA	NA	NA	NA	NA	NA	-0.0594468559375598	0.0084517226990507	FALSE
5:60508492:T:C	rs56219078	5	60508492	T	C	0.54	0.556	0.0648978315778429	0.0087	6.62e-14	130644	58749.13	13.1791381835938	0.54	0.0648978315778429	NA	NA	NA	NA	NA	NA	0.0579292597735412	0.00846804836936263	FALSE
5:45252500:A:G	rs10035564	5	45252500	A	G	0.669	0.65	-0.0668024151462154	0.0092	4.38e-13	130644	58749.13	12.3585205078125	0.331	0.0668024151462154	0.663393	-0.0668883	0.00920614	3.71329e-13	0	0.0668883	-0.0589345489409417	0.00893336590950785	FALSE
5:152235215:G:T	rs72802868	5	152235215	G	T	0.706	0.724	0.0691995168010044	0.0096	4.554e-13	130644	58749.13	12.341607093811	0.706	0.0691995168010044	0.71051	0.0574165	0.00977455	4.25193e-09	0	0.0574165	0.0605212582712945	0.00930244874356768	FALSE
5:45136050:T:C	rs6859397	5	45136050	T	C	0.659	0.641	-0.0654028946007014	0.0093	2.697e-12	130644	58749.13	11.5691194534302	0.341	0.0654028946007014	NA	NA	NA	NA	NA	NA	-0.0574472889670912	0.00905364543594511	FALSE
5:152540354:C:T	rs2910032	5	152540354	C	T	0.473	0.491	0.0582972096102774	0.0086	1.111e-11	130644	58749.13	10.9542856216431	0.473	0.0582972096102774	NA	NA	NA	NA	NA	NA	0.0517244957575096	0.00854183707644131	FALSE
5:44975989:A:G	rs6880469	5	44975989	A	G	0.654	0.636	-0.061099109367851	0.0092	2.604e-11	130644	58749.13	10.5843591690063	0.346	0.061099109367851	NA	NA	NA	NA	NA	NA	-0.0534867578342645	0.00907633753357882	FALSE
5:152132148:C:G	rs72799164	5	152132148	C	G	0.715	0.731	0.0624018651129649	0.0097	1.319e-10	130644	58749.13	9.8797550201416	0.715	0.0624018651129649	NA	NA	NA	NA	NA	NA	0.0538836396230144	0.00956395252052372	FALSE
5:152338061:A:G	rs4958599	5	152338061	A	G	0.755	0.769	0.0653007305821358	0.0102	1.452e-10	130644	58749.13	9.83803367614746	0.755	0.0653007305821358	NA	NA	NA	NA	NA	NA	0.0557673801976706	0.00998846616708897	FALSE
5:45388789:T:C	rs10044408	5	45388789	T	C	0.812	0.799	-0.0704975744133774	0.011	1.583e-10	130644	58749.13	9.80051898956299	0.188	0.0704975744133774	NA	NA	NA	NA	NA	NA	-0.0591666557070607	0.0106839380747056	FALSE
5:88743219:A:G	rs16867571	5	88743219	A	G	0.765	0.778	0.0657034673241941	0.0104	2.676e-10	130644	58749.13	9.57251358032227	0.765	0.0657034673241941	0.758044	0.0653771	0.0104117	3.40308e-10	0	0.0653771	0.0557762751093496	0.0101891648546325	FALSE
5:45702028:A:T	rs10036065	5	45702028	A	T	0.586	0.571	-0.0546990875223834	0.0087	3.831e-10	130644	58749.13	9.41668796539307	0.414	0.0546990875223834	NA	NA	NA	NA	NA	NA	-0.047936057105809	0.0088308741247469	FALSE
5:137892170:G:A	rs10117	5	137892170	G	A	0.602	0.613	0.0549994182186046	0.0088	4.659e-10	130644	58749.13	9.33170700073242	0.602	0.0549994182186046	0.598308	0.04765	0.00883789	6.98499e-08	0	0.04765	0.0480725690351018	0.00893038021001608	FALSE
5:101723875:T:C	rs1901512	5	101723875	T	C	0.301	0.318	0.0584009748744768	0.0094	5.723e-10	130644	58749.13	9.24237632751465	0.301	0.0584009748744768	0.689302	0.0602887	0.00940993	1.48483e-10	0	0.0602887	0.0504694750712683	0.00943019370994798	FALSE
5:88854539:A:G	rs115325222	5	88854539	A	G	0.886	0.895	0.0942004733987753	0.0153	6.482e-10	130644	58749.13	9.1882905960083	0.886	0.0942004733987753	NA	NA	NA	NA	NA	NA	0.0726513482855876	0.0164044753380878	FALSE
5:153680747:A:T	rs11740474	5	153680747	A	T	0.585	0.575	-0.0536961790038609	0.0088	1.128e-09	130644	58749.13	8.94769096374512	0.415	0.0536961790038609	0.584935	-0.0500746	0.00886034	1.59014e-08	0	0.0500746	-0.0467187267758346	0.00900883774423556	FALSE
5:152664721:T:A	rs13176930	5	152664721	T	A	0.654	0.669	0.0555955265008719	0.0091	1.159e-09	130644	58749.13	8.93591690063477	0.654	0.0555955265008719	NA	NA	NA	NA	NA	NA	0.0481540277691677	0.00924799896107599	FALSE
5:152004727:A:C	rs11167584	5	152004727	A	C	0.731	0.744	0.0595982128860241	0.0098	1.226e-09	130644	58749.13	8.91150951385498	0.731	0.0595982128860241	NA	NA	NA	NA	NA	NA	0.0509305526244741	0.00982413082271775	FALSE
5:45492205:A:G	rs6451804	5	45492205	A	G	0.588	0.573	-0.0529051189949894	0.0088	1.565e-09	130644	58749.13	8.80548572540283	0.412	0.0529051189949894	NA	NA	NA	NA	NA	NA	-0.0458851074664998	0.00905860102801568	FALSE
5:44862884:G:T	rs4373287	5	44862884	G	T	0.379	0.393	0.0528011569911275	0.0088	2.228e-09	130644	58749.13	8.65208435058594	0.379	0.0528011569911275	NA	NA	NA	NA	NA	NA	0.0457748649041734	0.00906523231167024	FALSE
5:101838370:G:A	rs6869014	5	101838370	G	A	0.334	0.352	0.0537966583556417	0.009	2.605e-09	130644	58749.13	8.58419227600098	0.334	0.0537966583556417	NA	NA	NA	NA	NA	NA	0.0464600388758401	0.00924353989258304	FALSE
5:45893362:C:T	rs6451829	5	45893362	C	T	0.6	0.586	-0.0532952970582236	0.009	2.991e-09	130644	58749.13	8.52418327331543	0.4	0.0532952970582236	NA	NA	NA	NA	NA	NA	-0.0459292798967384	0.00927673710802116	FALSE
5:46027702:C:T	5:46027702_C_T	5	46027702	C	T	0.591	0.579	-0.0562952570552056	0.0095	3.637e-09	130644	58749.13	8.43925666809082	0.409	0.0562952570552056	NA	NA	NA	NA	NA	NA	-0.0481304179053993	0.00968252689464582	FALSE
5:101581848:A:C	rs384615	5	101581848	A	C	0.66	0.641	-0.0534957179427506	0.0091	3.788e-09	130644	58749.13	8.42158985137939	0.34	0.0534957179427506	NA	NA	NA	NA	NA	NA	-0.0459533210684419	0.00938593625620785	FALSE
5:45596358:T:C	rs755048	5	45596358	T	C	0.413	0.427	0.0511017760490843	0.0087	5.04e-09	130644	58749.13	8.29757690429688	0.413	0.0511017760490843	NA	NA	NA	NA	NA	NA	0.0441379994803677	0.0090516266851974	FALSE
5:91006918:C:G	rs331395	5	91006918	C	G	0.789	0.776	-0.0608971589513062	0.0104	5.551e-09	130644	58749.13	8.25562858581543	0.211	0.0608971589513062	0.791057	-0.0573423	0.0104387	3.94648e-08	0	0.0573423	-0.0510535627226269	0.0104531122490301	FALSE
5:44743247:A:G	rs994793	5	44743247	A	G	0.592	0.578	-0.050903896528528	0.0088	6.123e-09	130644	58749.13	8.21303558349609	0.408	0.050903896528528	NA	NA	NA	NA	NA	NA	-0.0437341705585493	0.00918816498399491	FALSE
5:139065988:T:G	rs9687282	5	139065988	T	G	0.666	0.65	-0.0525994101433915	0.0091	7.328e-09	130644	58749.13	8.13501453399658	0.334	0.0525994101433915	0.655558	-0.0489017	0.00916074	9.38845e-08	0	0.0489017	-0.0449935403548755	0.00944759508030848	FALSE
5:88637006:G:T	rs6891494	5	88637006	G	T	0.865	0.876	0.0748013031727843	0.013	8.177e-09	130644	58749.13	8.08740615844727	0.865	0.0748013031727843	NA	NA	NA	NA	NA	NA	0.0588708629949636	0.0127718612082884	FALSE
5:90278217:A:T	rs12188094	5	90278217	A	T	0.684	0.697	0.0531046528867784	0.0094	1.502e-08	130644	58749.13	7.82332992553711	0.684	0.0531046528867784	0.686377	0.0481201	0.00942055	3.256e-07	0	0.0481201	0.0449424937517357	0.00978820670834113	FALSE
5:155775075:T:C	rs12652777	5	155775075	T	C	0.478	0.489	0.0487996879336047	0.0086	1.523e-08	130644	58749.13	7.81730031967163	0.478	0.0487996879336047	0.519536	0.0516242	0.00861659	2.08227e-09	0	0.0516242	0.0418013750261643	0.0090703404181611	FALSE
5:106766340:C:T	rs187557	5	106766340	C	T	0.152	0.163	0.0666955680382664	0.0119	2.029e-08	130644	58749.13	7.69271802902222	0.152	0.0666955680382664	0.840472	0.064888	0.0119846	6.15315e-08	0	0.064888	0.0535695774522861	0.0118815827814184	FALSE
5:140333952:C:T	rs246024	5	140333952	C	T	0.489	0.498	0.0475036226439669	0.0086	3.612e-08	130644	58749.13	7.44225215911865	0.489	0.0475036226439669	0.523193	0.0483547	0.008608	1.93836e-08	0	0.0483547	0.0403476485845187	0.00914472259562925	FALSE
5:57744788:T:C	rs39967	5	57744788	T	C	0.179	0.169	-0.0623968162257107	0.0114	4.38e-08	130644	58749.13	7.35852813720703	0.821	0.0623968162257107	0.824906	-0.0590662	0.0114196	2.3119e-07	0	0.0590662	-0.0503835090717435	0.0115911135565134	FALSE
6:27391802:C:T	rs34071253	6	27391802	C	T	0.912	0.928	0.206802764926157	0.0161	5.598e-38	130644	58749.13	37.2519683837891	0.912	0.206802764926157	NA	NA	NA	NA	NA	NA	0.199513953050718	0.0160020761586111	FALSE
6:27274834:C:T	rs56114371	6	27274834	C	T	0.915	0.931	0.208403447792456	0.0164	5.946e-37	130644	58749.13	36.2257766723633	0.915	0.208403447792456	NA	NA	NA	NA	NA	NA	0.200825305589686	0.0162992630335861	FALSE
6:27072542:A:G	rs55834529	6	27072542	A	G	0.916	0.931	0.206501843045646	0.0165	4.256e-36	130644	58749.13	35.3709983825684	0.916	0.206501843045646	NA	NA	NA	NA	NA	NA	0.198856708557449	0.0163928869253287	FALSE
6:26463575:G:T	rs13195402	6	26463575	G	T	0.918	0.933	0.210301443300912	0.0168	5.736e-36	130644	58749.13	35.2413902282715	0.918	0.210301443300912	NA	NA	NA	NA	NA	NA	0.202331643711135	0.0166949641697631	FALSE
6:26631568:G:T	rs66488313	6	26631568	G	T	0.916	0.932	0.205899727486365	0.0165	8.981e-36	130644	58749.13	35.0466766357422	0.916	0.205899727486365	NA	NA	NA	NA	NA	NA	0.198262435021968	0.0163915086541674	FALSE
6:26942146:A:C	rs66975207	6	26942146	A	C	0.914	0.93	0.202704081276732	0.0163	1.886e-35	130644	58749.13	34.7244567871094	0.914	0.202704081276732	NA	NA	NA	NA	NA	NA	0.195289667252836	0.0161886459171989	FALSE
6:26739487:A:G	rs35144506	6	26739487	A	G	0.902	0.917	0.199997741806897	0.0165	7.479e-34	130644	58749.13	33.1261558532715	0.902	0.199997741806897	NA	NA	NA	NA	NA	NA	0.192442764820898	0.0163773812565006	FALSE
6:26199903:C:T	rs34961555	6	26199903	C	T	0.921	0.935	0.196503844365316	0.0171	1.459e-30	129561	58248.36	29.8359451293945	0.921	0.196503844365316	NA	NA	NA	NA	NA	NA	0.188459767131182	0.0169521550455994	TRUE
6:26328353:T:C	rs34107459	6	26328353	T	C	0.92	0.935	0.190802161263546	0.0168	8.936e-30	130644	58749.13	29.0488567352295	0.92	0.190802161263546	NA	NA	NA	NA	NA	NA	0.183131042852846	0.0166451856784807	TRUE
6:26083519:T:C	rs34197618	6	26083519	T	C	0.925	0.938	0.171698666490041	0.0173	3.752e-23	129561	58248.36	22.4257373809814	0.925	0.171698666490041	NA	NA	NA	NA	NA	NA	0.163999763784766	0.0170945521497591	FALSE
6:25874423:G:A	rs13198474	6	25874423	G	A	0.926	0.939	0.171900781966037	0.0176	1.815e-22	127074	57103.65	21.7411231994629	0.926	0.171900781966037	NA	NA	NA	NA	NA	NA	0.163933601471167	0.0173870353943466	FALSE
6:25983010:G:A	rs13212534	6	25983010	G	A	0.925	0.937	0.16840010145291	0.0173	1.94e-22	129561	58248.36	21.7121887207031	0.925	0.16840010145291	NA	NA	NA	NA	NA	NA	0.160778210118414	0.0171003972297847	FALSE
6:25714959:A:G	rs34493019	6	25714959	A	G	0.926	0.938	0.162798890305091	0.0174	8.636e-21	130644	58749.13	20.0636882781982	0.926	0.162798890305091	NA	NA	NA	NA	NA	NA	0.155209471527684	0.0172348460715819	FALSE
6:25371369:A:T	rs62392365	6	25371369	A	T	0.944	0.953	0.171597593430979	0.0203	2.485e-17	127074	57103.65	16.6046733856201	0.944	0.171597593430979	NA	NA	NA	NA	NA	NA	0.161038242953512	0.0200842643895266	FALSE
6:26840865:T:G	rs71557353	6	26840865	T	G	0.867	0.879	0.112801760792376	0.0134	3.077e-17	130644	58749.13	16.5118732452393	0.867	0.112801760792376	NA	NA	NA	NA	NA	NA	0.103571841121064	0.0160694783328114	FALSE
6:25514179:G:A	rs35789010	6	25514179	G	A	0.933	0.944	0.152798337252672	0.0182	4.322e-17	130644	58749.13	16.364315032959	0.933	0.152798337252672	NA	NA	NA	NA	NA	NA	0.144491290342017	0.0184076177920637	FALSE
6:25257785:C:T	rs116090114	6	25257785	C	T	0.95	0.958	0.165099097998369	0.0208	1.853e-15	129561	58248.36	14.7321243286133	0.95	0.165099097998369	NA	NA	NA	NA	NA	NA	0.154060969092798	0.0208393949369273	FALSE
6:93077500:G:T	rs634940	6	93077500	G	T	0.748	0.737	-0.0663962456396854	0.0099	1.784e-11	130644	58749.13	10.7486047744751	0.252	0.0663962456396854	0.74112	-0.0651767	0.00990543	4.70767e-11	0	0.0651767	-0.0573577173825657	0.00964003441758733	FALSE
6:73155285:C:A	rs2815731	6	73155285	C	A	0.642	0.66	0.0600032523358097	0.0091	4.388e-11	130644	58749.13	10.3577337265015	0.642	0.0600032523358097	0.663184	0.0620093	0.00912352	1.07087e-11	0	0.0620093	0.0525846189944103	0.00901326978009089	FALSE
6:84341803:C:A	rs217336	6	84341803	C	A	0.566	0.583	0.0503033045092425	0.0087	8.051e-09	130644	58749.13	8.09415054321289	0.566	0.0503033045092425	NA	NA	NA	NA	NA	NA	0.0432688191971847	0.00910238814372427	FALSE
6:96475894:A:T	rs6925964	6	96475894	A	T	0.933	0.938	0.0975984687638946	0.0176	3.113e-08	130644	58749.13	7.50682067871094	0.933	0.0975984687638946	0.936377	0.0952514	0.0176082	6.32067e-08	0	0.0952514	0.0693779484567008	0.0193398375367756	FALSE
6:70003389:A:G	rs9454727	6	70003389	A	G	0.727	0.738	0.054402954379292	0.0098	3.35e-08	130644	58749.13	7.47495269775391	0.727	0.054402954379292	0.724196	0.0515338	0.00982702	1.57051e-07	0	0.0515338	0.0455164315353405	0.0101989754213442	FALSE
6:43160375:T:C	rs113113059	6	43160375	T	C	0.788	0.796	0.0582972096102774	0.0107	4.891e-08	130644	58749.13	7.31060218811035	0.788	0.0582972096102774	0.779983	0.0564322	0.0107275	1.43649e-07	0	0.0564322	0.047709806126402	0.0110389899500571	FALSE
7:2029867:T:C	rs58120505	7	2029867	T	C	0.582	0.602	0.0896030157907481	0.0088	2.235e-24	130644	58749.13	23.6507225036621	0.582	0.0896030157907481	0.566757	0.0890156	0.0088142	5.57414e-24	0	0.0890156	0.0823059444609563	0.00932017599316591	FALSE
7:2149967:A:G	rs10224497	7	2149967	A	G	0.56	0.579	0.0793008941363585	0.0087	1.005e-19	130644	58749.13	18.9978332519531	0.56	0.0793008941363585	NA	NA	NA	NA	NA	NA	0.0716743681663635	0.0086508371419955	FALSE
7:1912988:A:G	rs10950413	7	1912988	A	G	0.572	0.589	0.078903597595466	0.0088	2.134e-19	130644	58749.13	18.670804977417	0.572	0.078903597595466	NA	NA	NA	NA	NA	NA	0.0711161438642002	0.00873058868713402	FALSE
7:86403263:T:C	rs6943762	7	86403263	T	C	0.87	0.883	0.10509848132983	0.0132	1.569e-15	130644	58749.13	14.8043766021729	0.87	0.10509848132983	0.87359	0.101581	0.0132501	1.76885e-14	0	0.101581	0.0928163096887077	0.0158704701817463	FALSE
7:104594253:T:G	rs2252074	7	104594253	T	G	0.605	0.59	-0.0685037054338901	0.0088	6.192e-15	130644	58749.13	14.2081689834595	0.395	0.0685037054338901	NA	NA	NA	NA	NA	NA	-0.0611767823740671	0.00853969739551768	FALSE
7:104930250:T:C	rs2057884	7	104930250	T	C	0.34	0.356	0.0676960309526514	0.009	6.609e-14	130644	58749.13	13.1798639297485	0.34	0.0676960309526514	NA	NA	NA	NA	NA	NA	0.0600996393487543	0.00873249185099085	FALSE
7:104771857:T:C	rs2299304	7	104771857	T	C	0.648	0.633	-0.0671018035407359	0.009	7.045e-14	130644	58749.13	13.1521186828613	0.352	0.0671018035407359	NA	NA	NA	NA	NA	NA	-0.0595399818487154	0.00873632195737308	FALSE
7:137072531:T:A	rs728055	7	137072531	T	A	0.642	0.658	0.0673969319860517	0.009	8.849e-14	130644	58749.13	13.0531053543091	0.642	0.0673969319860517	0.633097	0.06687	0.00901589	1.19885e-13	0	0.06687	0.0598180022023394	0.00873423594856344	FALSE
7:110993511:C:T	rs7803571	7	110993511	C	T	0.622	0.634	0.0636037093371393	0.009	1.267e-12	130644	58749.13	11.8972234725952	0.622	0.0636037093371393	0.629753	0.0623678	0.00901317	4.52823e-12	0	0.0623678	0.0562270277719235	0.00878991165129909	FALSE
7:105031108:C:T	rs35601145	7	105031108	C	T	0.678	0.664	-0.0628972021721127	0.0092	7.13e-12	130644	58749.13	11.1469116210938	0.322	0.0628972021721127	NA	NA	NA	NA	NA	NA	-0.0552242690973057	0.0090137677059982	FALSE
7:2262941:C:A	rs2159044	7	2262941	C	A	0.601	0.616	0.0600032523358097	0.0088	1.079e-11	130644	58749.13	10.9669790267944	0.601	0.0600032523358097	NA	NA	NA	NA	NA	NA	0.0530782486737258	0.00869047882673139	FALSE
7:110858268:G:A	rs214467	7	110858268	G	A	0.342	0.332	-0.0618009384055913	0.0091	1.336e-11	130644	58749.13	10.8741931915283	0.658	0.0618009384055913	NA	NA	NA	NA	NA	NA	-0.0543342238297183	0.00894435683869472	FALSE
7:111134057:T:A	rs12668724	7	111134057	T	A	0.36	0.35	-0.0573960891413091	0.009	1.937e-10	130644	58749.13	9.71287059783936	0.64	0.0573960891413091	NA	NA	NA	NA	NA	NA	-0.0501656995023931	0.00902736519227836	FALSE
7:86246316:C:A	rs35182064	7	86246316	C	A	0.957	0.964	0.144896563703219	0.0231	3.386e-10	130644	58749.13	9.47031307220459	0.957	0.144896563703219	NA	NA	NA	NA	NA	NA	0.124676985463769	0.029441576559021	FALSE
7:24717969:T:C	rs79210963	7	24717969	T	C	0.892	0.884	-0.0856014622957261	0.0137	4.142e-10	130644	58749.13	9.38278961181641	0.108	0.0856014622957261	NA	NA	NA	NA	NA	NA	-0.0676887183687114	0.0137634613988863	FALSE
7:110056000:A:C	rs6974218	7	110056000	A	C	0.618	0.634	0.0548952993715794	0.0089	6.804e-10	130644	58749.13	9.16723537445068	0.618	0.0548952993715794	0.626619	0.0519903	0.0089071	5.31643e-09	0	0.0519903	0.0477893183162748	0.00905416575379833	FALSE
7:131567263:A:G	rs7801375	7	131567263	A	G	0.16	0.152	-0.0732053027592748	0.0119	7.563e-10	130644	58749.13	9.12130546569824	0.84	0.0732053027592748	0.834099	-0.0706638	0.0119285	3.14267e-09	0	0.0706638	-0.0598636870250211	0.0115819190504161	FALSE
7:71770973:C:G	rs1914399	7	71770973	C	G	0.479	0.489	0.0491044005063081	0.0087	1.401e-08	130644	58749.13	7.85356187820435	0.479	0.0491044005063081	0.531341	0.0491207	0.00872382	1.79541e-08	0	0.0491207	0.0419455705303344	0.00917719317730657	FALSE
7:87244960:C:T	rs13233308	7	87244960	C	T	0.516	0.526	0.0487044462100383	0.0086	1.749e-08	130644	58749.13	7.75721025466919	0.516	0.0487044462100383	0.516193	0.0448865	0.00861921	1.91166e-07	0	0.0448865	0.0416953645712406	0.00907600047367223	FALSE
7:86571305:A:G	rs76349903	7	86571305	A	G	0.951	0.957	0.120304299043428	0.0215	2.064e-08	130644	58749.13	7.68529033660889	0.951	0.120304299043428	NA	NA	NA	NA	NA	NA	0.0869257468820044	0.0290281583599596	FALSE
7:24828055:C:T	rs2391000	7	24828055	C	T	0.888	0.88	-0.0755967721743758	0.0135	2.203e-08	130644	58749.13	7.65698528289795	0.112	0.0755967721743758	NA	NA	NA	NA	NA	NA	-0.0583948962518119	0.0133418463825641	FALSE
7:133438132:A:G	rs35531336	7	133438132	A	G	0.864	0.872	0.0739008078395342	0.0132	2.216e-08	130644	58749.13	7.6544303894043	0.864	0.0739008078395342	0.861575	0.0757148	0.0132659	1.14675e-08	0	0.0757148	0.0575017510731219	0.0130479005440571	FALSE
7:133128127:T:G	rs7798283	7	133128127	T	G	0.867	0.875	0.074002966640836	0.0134	3.487e-08	130644	58749.13	7.45754814147949	0.867	0.074002966640836	NA	NA	NA	NA	NA	NA	0.057090647101267	0.0132917860739062	FALSE
7:24590069:T:A	rs2711117	7	24590069	T	A	0.785	0.775	-0.0570043080677942	0.0104	4.443e-08	130644	58749.13	7.35232353210449	0.215	0.0570043080677942	NA	NA	NA	NA	NA	NA	-0.0470082974652025	0.0107598743026618	FALSE
8:143312933:A:C	rs4129585	8	143312933	A	C	0.438	0.456	0.0749961490364056	0.0087	5.109e-18	130644	58749.13	17.2916641235352	0.438	0.0749961490364056	0.558608	0.0765359	0.00870964	1.52938e-18	0	0.0765359	0.0674874669786868	0.00852023039094209	FALSE
8:27442127:C:A	rs73229090	8	27442127	C	A	0.888	0.897	0.102601713660719	0.0142	4.337e-13	130644	58749.13	12.3628101348877	0.888	0.102601713660719	0.88529	0.105802	0.0142224	1.01366e-13	0	0.105802	0.0865403800467003	0.0168588473963916	FALSE
8:60700469:G:A	rs6984242	8	60700469	G	A	0.4	0.413	0.0546964969190277	0.0087	3.855e-10	130644	58749.13	9.41397571563721	0.4	0.0546964969190277	0.595487	0.054136	0.00870343	4.96908e-10	0	0.054136	0.0479333879306202	0.0088310219955115	FALSE
8:111580570:A:G	rs10086619	8	111580570	A	G	0.839	0.831	-0.0722051682492376	0.0116	4.968e-10	130644	58749.13	9.30381870269775	0.161	0.0722051682492376	0.837547	-0.0743157	0.0116324	1.67348e-10	0	0.0743157	-0.0595555615191241	0.0112806283653976	FALSE
8:4180090:T:A	8:4180090_T_A	8	4180090	T	A	0.806	0.798	-0.067305011010914	0.0108	5.067e-10	130644	58749.13	9.29524898529053	0.194	0.067305011010914	0.819369	-0.0692871	0.0108112	1.46662e-10	0	0.0692871	-0.0565323794013447	0.0105625489969655	FALSE
8:111476741:C:A	rs7815859	8	111476741	C	A	0.795	0.786	-0.0631954234971474	0.0106	2.361e-09	130644	58749.13	8.62690353393555	0.205	0.0631954234971474	NA	NA	NA	NA	NA	NA	-0.0529415691326668	0.010540862951289	FALSE
8:60876977:T:A	rs589933	8	60876977	T	A	0.572	0.559	-0.0529051189949894	0.0089	2.543e-09	130644	58749.13	8.59465408325195	0.428	0.0529051189949894	NA	NA	NA	NA	NA	NA	-0.0457011471397679	0.00918025679208602	FALSE
8:144870701:G:A	rs11136325	8	144870701	G	A	0.421	0.436	0.0537966583556417	0.0091	3.046e-09	130644	58749.13	8.51626968383789	0.421	0.0537966583556417	NA	NA	NA	NA	NA	NA	0.0462727731531913	0.00936550085540062	FALSE
8:89283689:A:G	rs1915019	8	89283689	A	G	0.25	0.265	0.0570984120398765	0.0098	6.574e-09	130644	58749.13	8.18216991424561	0.25	0.0570984120398765	0.74112	0.0572515	0.00980286	5.21122e-09	0	0.0572515	0.0483763346622473	0.00999257044040192	FALSE
8:17070926:A:G	rs4921741	8	17070926	A	G	0.739	0.729	-0.0559990861201021	0.0098	1.205e-08	130644	58749.13	7.91901302337646	0.261	0.0559990861201021	0.755328	-0.0596714	0.00981761	1.21694e-09	0	0.0596714	-0.0472240478227779	0.0100745897733491	FALSE
8:60523075:T:C	rs57023171	8	60523075	T	C	0.637	0.627	-0.0511038386512114	0.009	1.337e-08	130644	58749.13	7.87386846542358	0.363	0.0511038386512114	NA	NA	NA	NA	NA	NA	-0.0435636566635121	0.00942503835809407	FALSE
8:89601210:G:A	rs34587669	8	89601210	G	A	0.82	0.808	-0.0625990697565225	0.0111	1.517e-08	130644	58749.13	7.81901454925537	0.18	0.0625990697565225	NA	NA	NA	NA	NA	NA	-0.0512788580372618	0.0111901702311729	FALSE
8:33863561:T:C	rs79445414	8	33863561	T	C	0.96	0.956	-0.12340003148223	0.0222	2.798e-08	130644	58749.13	7.55315208435059	0.04	0.12340003148223	0.95842	-0.130606	0.0222488	4.3515e-09	0	0.130606	-0.0889734480864821	0.0305813603952918	FALSE
8:65608361:T:C	rs7830315	8	65608361	T	C	0.489	0.478	-0.0478046499481398	0.0086	3.082e-08	130644	58749.13	7.51116752624512	0.511	0.0478046499481398	0.509193	-0.0456453	0.00861363	1.16315e-07	0	0.0456453	-0.0406873988459526	0.00912802100161638	FALSE
8:38262233:T:C	rs7001340	8	38262233	T	C	0.782	0.793	0.0584952975902863	0.0106	3.173e-08	130644	58749.13	7.49852991104126	0.782	0.0584952975902863	0.7687	0.0548945	0.0106119	2.30453e-07	0	0.0548945	0.0481460778166458	0.0108915860078292	FALSE
8:89389761:A:T	rs67312178	8	89389761	A	T	0.797	0.784	-0.0582967085104029	0.0105	3.242e-08	130644	58749.13	7.48918676376343	0.203	0.0582967085104029	NA	NA	NA	NA	NA	NA	-0.048158864918302	0.0107794313975013	FALSE
8:10032894:C:A	rs11993663	8	10032894	C	A	0.671	0.661	-0.050398957583852	0.0091	3.319e-08	130644	58749.13	7.47899293899536	0.329	0.050398957583852	0.666632	-0.0500604	0.00913962	4.3187e-08	0	0.0500604	-0.0425833204648507	0.00959933549675086	FALSE
8:1024114:T:C	rs2600490	8	1024114	T	C	0.823	0.829	0.0780992819830517	0.0143	4.794e-08	130644	58749.13	7.31930208206177	0.823	0.0780992819830517	NA	NA	NA	NA	NA	NA	0.0587279245304621	0.0142456848532443	FALSE
9:22767164:C:A	rs505061	9	22767164	C	A	0.512	0.495	-0.0534957179427506	0.0086	5.804e-10	130644	58749.13	9.23627281188965	0.488	0.0534957179427506	0.507626	-0.052597	0.00860395	9.76984e-10	0	0.052597	-0.0468609153784519	0.00878315046789043	FALSE
9:14509105:A:T	rs498591	9	14509105	A	T	0.854	0.847	-0.0724954268501865	0.0121	2.114e-09	130644	58749.13	8.67489528656006	0.146	0.0724954268501865	0.857292	-0.0732333	0.0121197	1.51744e-09	0	0.0732333	-0.0587513003687594	0.0118160924129995	FALSE
9:77358745:T:C	rs500102	9	77358745	T	C	0.409	0.413	0.0517002115855168	0.0088	4.871e-09	130644	58749.13	8.31238174438477	0.409	0.0517002115855168	0.60583	0.0545101	0.00880913	6.09677e-10	0	0.0545101	0.0445973965537797	0.00913632145498829	FALSE
9:36319928:T:C	rs2381411	9	36319928	T	C	0.598	0.586	-0.050398957583852	0.0088	1.25e-08	130644	58749.13	7.90309143066406	0.402	0.050398957583852	0.595591	-0.047839	0.0088268	5.96849e-08	0	0.047839	-0.0431817378625375	0.00922090406372942	FALSE
9:101071522:T:C	rs3824451	9	101071522	T	C	0.847	0.838	-0.0655950790984102	0.0118	2.539e-08	130644	58749.13	7.59533739089966	0.153	0.0655950790984102	NA	NA	NA	NA	NA	NA	-0.052702396278646	0.0118390932208262	FALSE
9:138378856:A:G	rs2078266	9	138378856	A	G	0.171	0.178	0.0696006867298358	0.0126	2.941e-08	130644	58749.13	7.53150510787964	0.171	0.0696006867298358	0.829607	0.073109	0.0126111	6.74303e-09	0	0.073109	0.0547704474001907	0.01255558547343	FALSE
10:104906211:T:C	rs11191580	10	104906211	T	C	0.91	0.92	0.13170347299691	0.0155	1.772e-17	130644	58749.13	16.7515354156494	0.91	0.13170347299691	NA	NA	NA	NA	NA	NA	0.124733521159483	0.0168314495643424	FALSE
10:104793904:C:T	rs79668541	10	104793904	C	T	0.911	0.92	0.131001946270664	0.0155	2.893e-17	130644	58749.13	16.5386524200439	0.911	0.131001946270664	NA	NA	NA	NA	NA	NA	0.12390116579343	0.0169363233567601	FALSE
10:104630412:A:T	rs17878846	10	104630412	A	T	0.898	0.908	0.120898178556529	0.0146	1.021e-16	130644	58749.13	15.9909744262695	0.898	0.120898178556529	NA	NA	NA	NA	NA	NA	0.112488182188057	0.0170817891758359	FALSE
10:18726326:A:C	rs6482437	10	18726326	A	C	0.112	0.0994	-0.0989036285144588	0.0142	3.326e-12	130644	58749.13	11.4780778884888	0.888	0.0989036285144588	0.888634	-0.0889507	0.0143969	6.47327e-10	0	0.0889507	-0.0815152539969205	0.0162254811368792	FALSE
10:104430251:G:A	rs11191365	10	104430251	G	A	0.909	0.916	0.104396050710996	0.0153	7.844e-12	130644	58749.13	11.1054620742798	0.909	0.104396050710996	NA	NA	NA	NA	NA	NA	0.0858541188202315	0.0184098114368749	FALSE
10:104317785:T:G	rs11191337	10	104317785	T	G	0.91	0.917	0.0980972015396148	0.0153	1.58e-10	130644	58749.13	9.80134582519531	0.91	0.0980972015396148	NA	NA	NA	NA	NA	NA	0.0773311140907551	0.0171480926612918	FALSE
10:18876084:C:A	rs4445544	10	18876084	C	A	0.759	0.772	0.0644010116835795	0.0102	2.691e-10	130644	58749.13	9.57008647918701	0.759	0.0644010116835795	NA	NA	NA	NA	NA	NA	0.0549015443717926	0.0100245688847955	FALSE
10:18549016:G:A	rs7099380	10	18549016	G	A	0.452	0.442	-0.0519988063604998	0.0087	1.822e-09	130644	58749.13	8.73945140838623	0.548	0.0519988063604998	0.530297	-0.0456684	0.00881431	2.20505e-07	0	0.0456684	-0.0451028971438702	0.00899463935161415	FALSE
10:3821561:G:A	rs17731	10	3821561	G	A	0.635	0.62	-0.0523991687992084	0.0089	4.37e-09	130644	58749.13	8.35951232910156	0.365	0.0523991687992084	0.618262	-0.0551589	0.00890806	5.93978e-10	0	0.0551589	-0.0451608780446236	0.00921357556235129	FALSE
10:92789488:A:T	rs61857878	10	92789488	A	T	0.746	0.76	0.0600974240485804	0.0102	4.441e-09	130644	58749.13	8.35251903533936	0.746	0.0600974240485804	0.757522	0.0576637	0.0102168	1.66113e-08	0	0.0576637	0.0506512520805235	0.0102669104991915	FALSE
10:54063083:G:A	rs12771371	10	54063083	G	A	0.689	0.697	0.0524026787930484	0.0093	1.94e-08	130644	58749.13	7.71219635009766	0.689	0.0524026787930484	0.688048	0.055393	0.00931335	2.71936e-09	0	0.055393	0.0443825091743733	0.00971280156997009	FALSE
10:106600343:T:C	rs7900775	10	106600343	T	C	0.359	0.371	0.0489996660319079	0.0089	3.816e-08	130644	58749.13	7.41839170455933	0.359	0.0489996660319079	0.629753	0.0483728	0.00892068	5.87568e-08	0	0.0483728	0.0414280363986557	0.00943598840532825	FALSE
11:46343189:C:A	rs12285419	11	46343189	C	A	0.812	0.8	-0.084904507090444	0.011	1.048e-14	130644	58749.13	13.9796390533447	0.188	0.084904507090444	0.798475	-0.0852455	0.0110054	9.50153e-15	0	0.0852455	-0.0730522197949694	0.0111594695486679	FALSE
11:113392994:C:T	rs2514218	11	113392994	C	T	0.656	0.668	0.0704957416116978	0.0092	1.348e-14	130644	58749.13	13.8703098297119	0.656	0.0704957416116978	0.64929	0.042799	0.00993771	1.65689e-05	0	0.042799	0.0624085076413983	0.00892170451569532	TRUE
11:124612932:A:G	rs12293670	11	124612932	A	G	0.66	0.678	0.0704957416116978	0.0092	1.557e-14	130644	58749.13	13.8077116012573	0.66	0.0704957416116978	0.658483	0.0711443	0.00921738	1.1771e-14	0	0.0711443	0.0624085076413983	0.00892170451569532	FALSE
11:133852684:A:G	rs4936215	11	133852684	A	G	0.769	0.788	0.0816997954833017	0.0107	1.868e-14	130644	58749.13	13.7286233901978	0.769	0.0816997954833017	0.772879	0.0796001	0.010734	1.20997e-13	0	0.0796001	0.0704217999951559	0.0106474589077398	FALSE
11:46599248:G:C	rs11038927	11	46599248	G	C	0.833	0.82	-0.0856014622957261	0.0114	4.903e-14	130644	58749.13	13.3095378875732	0.167	0.0856014622957261	NA	NA	NA	NA	NA	NA	-0.0729391194617548	0.0115964182773825	FALSE
11:46469900:G:A	rs7951579	11	46469900	G	A	0.833	0.82	-0.0851984758338849	0.0114	6.478e-14	130644	58749.13	13.1885585784912	0.167	0.0851984758338849	NA	NA	NA	NA	NA	NA	-0.0725234311375043	0.011560297317389	FALSE
11:46929954:A:G	rs10838634	11	46929954	A	G	0.097	0.107	0.104702299080816	0.0143	2.218e-13	130644	58749.13	12.6540384292603	0.097	0.104702299080816	NA	NA	NA	NA	NA	NA	0.0892702148179874	0.0172701491590637	FALSE
11:134296384:C:T	rs893949	11	134296384	C	T	0.458	0.472	0.0611045066532856	0.0087	1.642e-12	130644	58749.13	11.7846269607544	0.458	0.0611045066532856	0.534371	0.0656943	0.00873301	5.37288e-14	0	0.0656943	0.054305423314154	0.00854905977725452	FALSE
11:46705974:T:A	rs61884297	11	46705974	T	A	0.939	0.933	-0.121004468905148	0.0179	1.243e-11	130644	58749.13	10.9055290222168	0.0610000000000001	0.121004468905148	NA	NA	NA	NA	NA	NA	-0.103750507734634	0.0232097387522194	FALSE
11:46829174:T:A	rs7115986	11	46829174	T	A	0.913	0.905	-0.101202505509163	0.015	1.442e-11	130644	58749.13	10.8410348892212	0.087	0.101202505509163	NA	NA	NA	NA	NA	NA	-0.0822795105335501	0.017485174673265	FALSE
11:47099867:C:T	rs61896127	11	47099867	C	T	0.914	0.907	-0.0973041664750621	0.0151	1.2e-10	130644	58749.13	9.9207763671875	0.086	0.0973041664750621	NA	NA	NA	NA	NA	NA	-0.0769270984255954	0.0167971660678064	FALSE
11:134501177:G:A	rs7115692	11	134501177	G	A	0.755	0.741	-0.0615031325940498	0.0099	6.321e-10	130644	58749.13	9.19921398162842	0.245	0.0615031325940498	0.739971	-0.062462	0.00992326	3.08388e-10	0	0.062462	-0.0526377326691517	0.00982997714429229	FALSE
11:130891895:G:A	rs10894308	11	130891895	G	A	0.535	0.548	0.0539956397610122	0.0088	8.184e-10	130644	58749.13	9.08703422546387	0.535	0.0539956397610122	NA	NA	NA	NA	NA	NA	0.0470319255380762	0.00899037799068032	FALSE
11:47237359:C:T	rs4647709	11	47237359	C	T	0.911	0.904	-0.0916987090225895	0.0149	8.593e-10	130644	58749.13	9.06585502624512	0.089	0.0916987090225895	NA	NA	NA	NA	NA	NA	-0.0709643301861787	0.0156227810726448	FALSE
11:130718630:T:G	rs10791097	11	130718630	T	G	0.459	0.475	0.053000336561653	0.0087	9.113e-10	130644	58749.13	9.04033851623535	0.459	0.053000336561653	NA	NA	NA	NA	NA	NA	0.0461659476256638	0.00893202820695778	FALSE
11:47371598:C:T	rs3729986	11	47371598	C	T	0.904	0.898	-0.0880992412266881	0.0147	2.184e-09	130644	58749.13	8.66074752807617	0.096	0.0880992412266881	NA	NA	NA	NA	NA	NA	-0.0676659200926149	0.0149868598917824	FALSE
11:24389235:A:C	rs11027839	11	24389235	A	C	0.5	0.488	-0.0515038428671156	0.0086	2.398e-09	130644	58749.13	8.62015056610107	0.5	0.0515038428671156	0.502403	-0.0512438	0.00860421	2.59014e-09	0	0.0512438	-0.0447548855299324	0.00890385709583977	FALSE
11:132572282:G:A	rs3016386	11	132572282	G	A	0.507	0.522	0.0503033045092425	0.0087	6.239e-09	130644	58749.13	8.20488548278809	0.507	0.0503033045092425	NA	NA	NA	NA	NA	NA	0.0432688191971847	0.00910238814372427	FALSE
11:57585662:C:T	rs708228	11	57585662	C	T	0.671	0.661	-0.0527996915922012	0.0091	6.556e-09	130644	58749.13	8.1833610534668	0.329	0.0527996915922012	NA	NA	NA	NA	NA	NA	-0.0452090978689957	0.00943373975360679	FALSE
11:57452543:G:A	rs7121169	11	57452543	G	A	0.67	0.659	-0.0525045539821493	0.0091	8.939e-09	130644	58749.13	8.04871082305908	0.33	0.0525045539821493	NA	NA	NA	NA	NA	NA	-0.0448912281736478	0.00945416733896812	FALSE
11:123394636:G:C	rs77502336	11	123394636	G	C	0.686	0.672	-0.0527996915922012	0.0093	1.247e-08	130644	58749.13	7.90413331985474	0.314	0.0527996915922012	0.684288	-0.0546518	0.00931433	4.42417e-09	0	0.0546518	-0.044814270539541	0.00968410411617955	FALSE
11:81178838:G:C	rs72943392	11	81178838	G	C	0.711	0.707	-0.0534957179427506	0.0096	2.393e-08	130644	58749.13	7.62105751037598	0.289	0.0534957179427506	0.724613	-0.0537018	0.00961043	2.29879e-08	0	0.0537018	-0.0449540488440499	0.0100132974041099	FALSE
11:24511844:C:A	rs11027948	11	24511844	C	A	0.61	0.624	0.0491996041469672	0.0089	3.24e-08	130644	58749.13	7.48945617675781	0.61	0.0491996041469672	NA	NA	NA	NA	NA	NA	0.0416524850965429	0.00942351185846529	FALSE
11:113215923:G:A	rs4987094	11	113215923	G	A	0.901	0.894	-0.0785995828126435	0.0143	3.651e-08	130644	58749.13	7.43758821487427	0.099	0.0785995828126435	0.899916	-0.0835666	0.0148194	1.71049e-08	0	0.0835666	-0.0592238442157249	0.0142293583838478	FALSE
11:28642653:G:A	rs4636654	11	28642653	G	A	0.598	0.608	0.0483043318863239	0.0089	4.892e-08	130644	58749.13	7.31051349639893	0.598	0.0483043318863239	0.610844	0.05151	0.00893993	8.32256e-09	0	0.05151	0.0406429032418389	0.00947815740869764	FALSE
12:2384005:T:G	rs2238057	12	2384005	T	G	0.59	0.568	-0.0835011813049328	0.0087	8.502e-22	130644	58749.13	21.0704784393311	0.41	0.0835011813049328	NA	NA	NA	NA	NA	NA	-0.0759150565285296	0.00884278965877287	FALSE
12:110723245:C:T	rs4766428	12	110723245	C	T	0.559	0.539	-0.0750037578653527	0.0089	3.931e-17	130644	58749.13	16.40549659729	0.441	0.0750037578653527	0.557877	-0.0747551	0.0089131	4.98251e-17	0	0.0747551	-0.067169689549397	0.0087063953198714	FALSE
12:57682956:C:T	rs61937595	12	57682956	C	T	0.908	0.917	0.130098005289989	0.0162	1.147e-15	130644	58749.13	14.9404363632202	0.908	0.130098005289989	0.915274	0.115472	0.0165274	2.81392e-12	0	0.115472	0.121682340665515	0.0182664871702852	FALSE
12:123650335:C:T	rs1615350	12	123650335	C	T	0.256	0.273	0.0736035592446318	0.0098	4.918e-14	130644	58749.13	13.3082113265991	0.256	0.0736035592446318	NA	NA	NA	NA	NA	NA	0.064312782470861	0.00951526716894182	FALSE
12:110829036:A:C	rs28555214	12	110829036	A	C	0.307	0.322	0.0704957416116978	0.0094	5.224e-14	130644	58749.13	13.2819967269897	0.307	0.0704957416116978	NA	NA	NA	NA	NA	NA	0.0620764805629358	0.00911055949530032	FALSE
12:111052465:T:A	rs684596	12	111052465	T	A	0.684	0.669	-0.0686964868417913	0.0093	1.231e-13	130644	58749.13	12.9097423553467	0.316	0.0686964868417913	NA	NA	NA	NA	NA	NA	-0.0605527383908093	0.00901578574075088	FALSE
12:110950376:T:C	rs4766497	12	110950376	T	C	0.381	0.365	-0.0638027918527484	0.0089	8.545e-13	130644	58749.13	12.0682878494263	0.619	0.0638027918527484	NA	NA	NA	NA	NA	NA	-0.0565765383076544	0.00868474164296565	FALSE
12:110564659:A:C	rs10774545	12	110564659	A	C	0.284	0.299	0.0672005996602386	0.0095	1.477e-12	130644	58749.13	11.8306198120117	0.284	0.0672005996602386	NA	NA	NA	NA	NA	NA	0.058811131326111	0.00922296506417103	FALSE
12:57569478:C:T	rs12814239	12	57569478	C	T	0.934	0.941	0.131896306599639	0.0189	2.872e-12	130644	58749.13	11.5418157577515	0.934	0.131896306599639	NA	NA	NA	NA	NA	NA	0.11808787640509	0.0232066129502989	FALSE
12:111155947:C:T	rs10774603	12	111155947	C	T	0.637	0.653	0.0600032523358097	0.009	3.015e-11	130644	58749.13	10.520712852478	0.637	0.0600032523358097	NA	NA	NA	NA	NA	NA	0.0527517417687712	0.00890482013789247	FALSE
12:95195293:G:T	rs6538539	12	95195293	G	T	0.451	0.462	0.0567961259994112	0.0086	4.428e-11	130644	58749.13	10.3537921905518	0.451	0.0567961259994112	0.544191	0.0587069	0.00861615	9.51939e-12	0	0.0587069	0.0502325162216588	0.00860751087320591	FALSE
12:123885974:T:C	rs28768122	12	123885974	T	C	0.245	0.259	0.0651039862320457	0.0101	1.183e-10	130644	58749.13	9.92701530456543	0.245	0.0651039862320457	NA	NA	NA	NA	NA	NA	0.0557642148194525	0.0098884503406016	FALSE
12:123522150:C:G	rs520088	12	123522150	C	G	0.216	0.229	0.0663025892540632	0.0103	1.487e-10	130644	58749.13	9.8276891708374	0.216	0.0663025892540632	NA	NA	NA	NA	NA	NA	0.0565386312165159	0.0100600917218021	FALSE
12:123753492:C:G	rs10846491	12	123753492	C	G	0.22	0.232	0.0636037093371393	0.0103	6.458e-10	130644	58749.13	9.18990230560303	0.22	0.0636037093371393	NA	NA	NA	NA	NA	NA	0.0539370354608227	0.0101730058666062	FALSE
12:72259954:G:C	rs12303743	12	72259954	G	C	0.906	0.898	-0.0874987684728371	0.0145	1.59e-09	130644	58749.13	8.79859924316406	0.094	0.0874987684728371	NA	NA	NA	NA	NA	NA	-0.0675777452269234	0.0147267041293501	FALSE
12:110413252:G:C	rs11069139	12	110413252	G	C	0.736	0.725	-0.0566973436785452	0.0098	6.146e-09	130644	58749.13	8.21140766143799	0.264	0.0566973436785452	NA	NA	NA	NA	NA	NA	-0.0479581225076901	0.0100220376888363	FALSE
12:103594062:C:T	rs10860960	12	103594062	C	T	0.626	0.636	0.0518996105407571	0.0089	6.262e-09	130644	58749.13	8.20328712463379	0.626	0.0518996105407571	0.614814	0.0503019	0.00895742	1.95806e-08	0	0.0503019	0.0446235708501944	0.00924672292107358	FALSE
12:53760710:G:C	rs10876446	12	53760710	G	C	0.688	0.674	-0.0540022233826842	0.0094	1.026e-08	130644	58749.13	7.98885250091553	0.312	0.0540022233826842	0.683974	-0.0511654	0.00940736	5.36193e-08	0	0.0511654	-0.0459091917165528	0.00972241069374741	FALSE
12:124486678:A:G	rs12310367	12	124486678	A	G	0.661	0.65	-0.0517039049923374	0.0091	1.214e-08	130644	58749.13	7.91578149795532	0.339	0.0517039049923374	0.658796	-0.055267	0.00911855	1.35328e-09	0	0.055267	-0.0440219556777809	0.0095097391837948	FALSE
12:2499849:A:C	rs740417	12	2499849	A	C	0.627	0.64	0.0507026199737612	0.0089	1.363e-08	130644	58749.13	7.86550426483154	0.627	0.0507026199737612	NA	NA	NA	NA	NA	NA	0.0433203412883092	0.00932626896052472	FALSE
12:104631552:G:A	rs10861176	12	104631552	G	A	0.263	0.257	-0.0555021391616052	0.0098	1.588e-08	130644	58749.13	7.79914951324463	0.737	0.0555021391616052	0.74018	-0.0589698	0.00981657	1.88787e-09	0	0.0589698	-0.0466968730575974	0.0101128027625131	FALSE
12:99494358:A:G	rs10777956	12	99494358	A	G	0.38	0.37	-0.0499993949944177	0.0089	1.746e-08	130644	58749.13	7.75795555114746	0.62	0.0499993949944177	0.624112	-0.0519127	0.00890753	5.6111e-09	0	0.0519127	-0.0425443048771792	0.00937238458151177	FALSE
12:110229434:C:A	rs117145318	12	110229434	C	A	0.957	0.954	-0.123897943656285	0.0225	3.788e-08	130644	58749.13	7.42158985137939	0.043	0.123897943656285	NA	NA	NA	NA	NA	NA	-0.0882624455243696	0.0311170439161091	FALSE
13:79930079:A:C	rs9318627	13	79930079	A	C	0.6	0.613	0.0611985747210087	0.0088	4.352e-12	130644	58749.13	11.3613109588623	0.6	0.0611985747210087	0.595382	0.0608279	0.00880913	5.01704e-12	0	0.0608279	0.054238435155351	0.0086500209870131	FALSE
13:80056907:C:T	rs4885634	13	80056907	C	T	0.412	0.399	-0.0573960891413091	0.0088	5.217e-11	130644	58749.13	10.2825794219971	0.588	0.0573960891413091	NA	NA	NA	NA	NA	NA	-0.0505043887220211	0.00880186503462327	FALSE
13:74325499:G:C	rs12877581	13	74325499	G	C	0.723	0.716	-0.0596013954910886	0.0099	1.803e-09	130644	58749.13	8.74400424957275	0.277	0.0596013954910886	0.723673	-0.0582466	0.00990466	4.08466e-09	0	0.0582466	-0.0507420733568891	0.00994159459396556	FALSE
13:80157890:G:A	rs2783125	13	80157890	G	A	0.59	0.602	0.0522033801338585	0.0088	3.633e-09	130644	58749.13	8.43973445892334	0.59	0.0522033801338585	NA	NA	NA	NA	NA	NA	0.0451378228787233	0.00910367247844566	FALSE
13:38860697:C:T	rs2455415	13	38860697	C	T	0.587	0.577	-0.0494949124461712	0.0088	1.69e-08	130644	58749.13	7.77210998535156	0.413	0.0494949124461712	0.571563	-0.0487149	0.00886786	3.94212e-08	0	0.0487149	-0.0421828892182495	0.00927863338872724	FALSE
14:72417326:C:G	rs2332700	14	72417326	C	G	0.247	0.258	0.0750981960059311	0.0099	3.875e-14	130644	58749.13	13.4117279052734	0.247	0.0750981960059311	0.757417	0.0645255	0.0101788	2.30915e-10	0	0.0645255	0.0655481133867197	0.00963687468855104	FALSE
14:104255569:T:G	rs10873538	14	104255569	T	G	0.666	0.654	-0.066503116358279	0.0091	3.01e-13	130644	58749.13	12.5214385986328	0.334	0.066503116358279	0.653364	-0.0582585	0.00927876	3.41434e-10	0	0.0582585	-0.0588148121375714	0.00883909922759796	FALSE
14:33303540:C:T	rs12883788	14	33303540	C	T	0.542	0.527	-0.0613011005766046	0.0087	1.862e-12	130644	58749.13	11.7300205230713	0.458	0.0613011005766046	0.528312	-0.0648173	0.00871152	1.00371e-13	0	0.0648173	-0.0544951265651484	0.0085433116787008	FALSE
14:104053764:C:T	rs2403197	14	104053764	C	T	0.718	0.707	-0.0635043893695306	0.0095	2.694e-11	130644	58749.13	10.5696020126343	0.282	0.0635043893695306	NA	NA	NA	NA	NA	NA	-0.0552997168737421	0.00930790430076398	FALSE
14:104154878:G:A	rs4900591	14	104154878	G	A	0.674	0.663	-0.0589965728077175	0.0092	1.323e-10	130644	58749.13	9.87843990325928	0.326	0.0589965728077175	NA	NA	NA	NA	NA	NA	-0.0514199045960864	0.0091705208258198	FALSE
14:30017039:T:C	rs17571951	14	30017039	T	C	0.785	0.778	-0.0641972460452074	0.0105	9.97e-10	130644	58749.13	9.00131225585938	0.215	0.0641972460452074	0.780924	-0.06392	0.0105083	1.18106e-09	0	0.06392	-0.0541255125518025	0.0103688095516682	FALSE
14:30208630:G:T	rs1959440	14	30208630	G	T	0.575	0.562	-0.0532952970582236	0.0088	1.257e-09	130644	58749.13	8.90066432952881	0.425	0.0532952970582236	NA	NA	NA	NA	NA	NA	-0.046297425367145	0.0090338906541444	FALSE
14:99733384:G:C	rs1540840	14	99733384	G	C	0.525	0.542	0.0556995724703668	0.0093	2.212e-09	130644	58749.13	8.6552152633667	0.525	0.0556995724703668	0.528625	0.0566468	0.0093054	1.14673e-09	0	0.0566468	0.047892160963749	0.00948069749674402	FALSE
14:103812320:G:T	rs12432904	14	103812320	G	T	0.652	0.665	0.0535976373487916	0.0092	5.464e-09	130644	58749.13	8.26248931884766	0.652	0.0535976373487916	0.658796	0.0439605	0.0093808	2.78293e-06	0	0.0439605	0.0458698735370602	0.00950233113089809	FALSE
14:51655145:C:T	rs2999392	14	51655145	C	T	0.309	0.299	-0.0517986852338873	0.0094	3.05e-08	130644	58749.13	7.51570129394531	0.691	0.0517986852338873	NA	NA	NA	NA	NA	NA	-0.0435124732313124	0.00988421453233755	FALSE
15:91426560:G:A	rs4702	15	91426560	G	A	0.44	0.461	0.0843043830520302	0.0089	2.794e-21	130644	58749.13	20.5537738800049	0.44	0.0843043830520302	0.553071	0.0851896	0.00891736	1.25715e-21	0	0.0851896	0.0764059292916858	0.00908562018777669	FALSE
15:78868398:C:T	rs2456020	15	78868398	C	T	0.759	0.773	0.0815984200022575	0.0102	1.125e-15	130644	58749.13	14.9488477706909	0.759	0.0815984200022575	0.777372	0.0814827	0.0102229	1.57864e-15	0	0.0814827	0.071286576237578	0.0101750621039279	FALSE
15:61872197:A:C	rs35351411	15	61872197	A	C	0.456	0.439	-0.0635043893695306	0.0087	2.211e-13	130644	58749.13	12.6554117202759	0.544	0.0635043893695306	NA	NA	NA	NA	NA	NA	-0.056605813163414	0.00849063700222597	FALSE
15:78759348:C:T	rs958025	15	78759348	C	T	0.766	0.778	0.0736964589223369	0.0104	1.647e-12	130001	58545.3	11.7833061218262	0.766	0.0736964589223369	NA	NA	NA	NA	NA	NA	0.0633173293571902	0.0100819346162599	FALSE
15:85148231:T:G	rs11638554	15	85148231	T	G	0.701	0.715	0.0651039862320457	0.0095	7.581e-12	130644	58749.13	11.1202735900879	0.701	0.0651039862320457	NA	NA	NA	NA	NA	NA	0.0568273887866319	0.00926229938921357	FALSE
15:85355841:G:A	rs35828350	15	85355841	G	A	0.726	0.74	0.0647010079358763	0.0098	3.258e-11	130644	58749.13	10.4870491027832	0.726	0.0647010079358763	NA	NA	NA	NA	NA	NA	0.0559213940875009	0.00958414728631596	FALSE
15:83368738:T:G	rs4779050	15	83368738	T	G	0.367	0.381	0.0579952857871378	0.0089	7.274e-11	130644	58749.13	10.1382265090942	0.367	0.0579952857871378	0.62547	0.0607803	0.00891557	9.27541e-12	0	0.0607803	0.0509355966487858	0.00888446669799187	FALSE
15:85250253:C:T	rs4643294	15	85250253	C	T	0.72	0.734	0.0627024616114006	0.0097	9.077e-11	130644	58749.13	10.0420579910278	0.72	0.0627024616114006	NA	NA	NA	NA	NA	NA	0.0541754705811103	0.00955118306497513	FALSE
15:40567237:G:A	rs56205728	15	40567237	G	A	0.713	0.7	-0.0630036995790015	0.0097	1.007e-10	130644	58749.13	9.99697017669678	0.287	0.0630036995790015	0.711032	-0.0634718	0.0097112	6.32113e-11	0	0.0634718	-0.0544671584066283	0.00953890682523418	FALSE
15:34659517:G:C	rs117799466	15	34659517	G	C	0.655	0.648	-0.0620030714417325	0.0096	1.279e-10	130644	58749.13	9.89312934875488	0.345	0.0620030714417325	0.661408	-0.0642474	0.00961518	2.35908e-11	0	0.0642474	-0.0536740626973301	0.009472053052071	FALSE
15:84823902:A:G	rs8025070	15	84823902	A	G	0.281	0.268	-0.0605996221289296	0.0097	3.92e-10	130644	58749.13	9.40670776367188	0.719	0.0605996221289296	NA	NA	NA	NA	NA	NA	-0.0521161101572497	0.00965129849723737	FALSE
15:83254708:A:G	rs783540	15	83254708	A	G	0.619	0.606	-0.0546990875223834	0.0088	5.465e-10	130644	58749.13	9.26241016387939	0.381	0.0546990875223834	NA	NA	NA	NA	NA	NA	-0.0477626640253277	0.00894800291720281	FALSE
15:84942339:T:G	rs4842854	15	84942339	T	G	0.72	0.732	0.0600032523358097	0.0097	6.124e-10	130644	58749.13	9.21296501159668	0.72	0.0600032523358097	NA	NA	NA	NA	NA	NA	0.0515237193316825	0.00968418791376536	FALSE
15:43829008:C:T	rs2255663	15	43829008	C	T	0.703	0.712	0.0582028682075395	0.0095	8.403e-10	130644	58749.13	9.07556533813477	0.703	0.0582028682075395	NA	NA	NA	NA	NA	NA	0.0500861998301833	0.00955826569517255	FALSE
15:84706461:C:T	rs950169	15	84706461	C	T	0.728	0.74	0.0597960433459657	0.0097	8.703e-10	130644	58749.13	9.06033134460449	0.728	0.0597960433459657	NA	NA	NA	NA	NA	NA	0.051316932764412	0.00969606416786382	FALSE
15:44017343:A:G	rs2447201	15	44017343	A	G	0.264	0.255	-0.0605040040910452	0.0101	1.839e-09	130644	58749.13	8.73541831970215	0.736	0.0605040040910452	NA	NA	NA	NA	NA	NA	-0.051260358364565	0.010120408722021	FALSE
15:44187991:C:A	rs524908	15	44187991	C	A	0.284	0.274	-0.0579999442979887	0.0097	2.3e-09	130644	58749.13	8.6383056640625	0.716	0.0579999442979887	NA	NA	NA	NA	NA	NA	-0.0495019571689713	0.00980815779191268	FALSE
15:43704558:C:T	rs690276	15	43704558	C	T	0.696	0.706	0.0562007331879655	0.0094	2.661e-09	130644	58749.13	8.57495498657227	0.696	0.0562007331879655	NA	NA	NA	NA	NA	NA	0.048223405301127	0.00956786699482742	FALSE
15:43586908:C:A	rs532672	15	43586908	C	A	0.682	0.691	0.0531994764675775	0.0094	1.398e-08	130644	58749.13	7.85449266433716	0.682	0.0531994764675775	NA	NA	NA	NA	NA	NA	0.0450452378913723	0.00978122478425692	FALSE
15:79004643:G:A	rs12592823	15	79004643	G	A	0.909	0.914	0.0875987044790681	0.0158	2.706e-08	130644	58749.13	7.56767225265503	0.909	0.0875987044790681	NA	NA	NA	NA	NA	NA	0.0640248423776795	0.0161503177571228	FALSE
16:29994922:C:T	rs3814883	16	29994922	C	T	0.533	0.548	0.0670977435324941	0.0087	1.576e-14	130644	58749.13	13.8024435043335	0.533	0.0670977435324941	0.53155	0.0683515	0.0087058	4.11882e-15	0	0.0683515	0.0600077801419505	0.00844819816142587	FALSE
16:13753384:G:A	rs8055219	16	13753384	G	A	0.771	0.758	-0.066503116358279	0.0101	5.693e-11	130644	58749.13	10.2446584701538	0.229	0.066503116358279	0.761805	-0.0613455	0.0101287	1.39032e-09	0	0.0613455	-0.057099031483801	0.0098438293133899	FALSE
16:30117253:G:A	rs62057756	16	30117253	G	A	0.611	0.624	0.0579952857871378	0.009	1.402e-10	130644	58749.13	9.85325241088867	0.611	0.0579952857871378	NA	NA	NA	NA	NA	NA	0.0507664597805055	0.00899636798265295	FALSE
16:9900057:T:C	rs7191183	16	9900057	T	C	0.692	0.678	-0.0584027170759943	0.0093	3.324e-10	130644	58749.13	9.47833919525146	0.308	0.0584027170759943	0.693168	-0.0651007	0.00932755	2.96444e-12	0	0.0651007	-0.0506510860208001	0.00931508919155773	FALSE
16:89559297:A:G	rs4575535	16	89559297	A	G	0.296	0.281	-0.0557981629302465	0.0096	5.77e-09	130644	58749.13	8.23883056640625	0.704	0.0557981629302465	0.712181	-0.050951	0.00964444	1.27125e-07	0	0.050951	-0.0474156324473904	0.00984036590253178	FALSE
16:89866043:T:C	rs7190823	16	89866043	T	C	0.601	0.612	0.0505029821731068	0.0088	1.003e-08	130644	58749.13	7.99869918823242	0.601	0.0505029821731068	NA	NA	NA	NA	NA	NA	0.0432958681666252	0.00921417873095428	FALSE
16:58659307:T:G	rs149165	16	58659307	T	G	0.554	0.569	0.0481995135792341	0.0087	3.005e-08	130644	58749.13	7.52215576171875	0.554	0.0481995135792341	0.534267	0.0455817	0.00871134	1.67274e-07	0	0.0455817	0.0409327037542902	0.00923124262758097	FALSE
16:90109372:C:T	rs2241033	16	90109372	C	T	0.364	0.351	-0.0517986852338873	0.0093	3.025e-08	130644	58749.13	7.51927471160889	0.636	0.0517986852338873	0.648349	-0.0454375	0.00934102	1.14866e-06	0	0.0454375	-0.0437207443913541	0.00975636638952796	FALSE
16:89690688:C:T	rs154665	16	89690688	C	T	0.541	0.528	-0.0488016642355575	0.0088	3.322e-08	130644	58749.13	7.47860050201416	0.459	0.0488016642355575	NA	NA	NA	NA	NA	NA	-0.0414085858344224	0.00932157698836775	FALSE
17:44265839:C:T	rs2532240	17	44265839	C	T	0.596	0.61	0.0608034293588251	0.0091	2.578e-11	130644	58749.13	10.5887174606323	0.596	0.0608034293588251	0.592248	0.0616295	0.00910551	1.30239e-11	0	0.0616295	0.0533667264000299	0.00898058686417543	FALSE
17:12875908:T:A	rs73292401	17	12875908	T	A	0.808	0.799	-0.0676045499371671	0.0109	5.48e-10	130644	58749.13	9.26121520996094	0.192	0.0676045499371671	0.806937	-0.0710833	0.0109097	7.23896e-11	0	0.0710833	-0.0566196445650897	0.0106603819364932	FALSE
17:44096553:G:A	rs62062288	17	44096553	G	A	0.798	0.805	0.0676025721352111	0.0112	1.651e-09	130644	58749.13	8.78225326538086	0.798	0.0676025721352111	NA	NA	NA	NA	NA	NA	0.0560046271068507	0.010994001513975	FALSE
17:19141582:C:G	rs57433322	17	19141582	C	G	0.878	0.885	0.0830995691695741	0.0139	1.992e-09	130644	58749.13	8.70071029663086	0.878	0.0830995691695741	0.882052	0.080709	0.0139122	6.57964e-09	0	0.080709	0.0646965416564615	0.0138060428011288	FALSE
17:43856458:G:A	rs35076622	17	43856458	G	A	0.638	0.647	0.054402954379292	0.0091	2.35e-09	130644	58749.13	8.62893676757812	0.638	0.054402954379292	NA	NA	NA	NA	NA	NA	0.0469121747777173	0.00932490911678942	FALSE
17:44572068:A:G	rs3874943	17	44572068	A	G	0.478	0.465	-0.0544984253364989	0.0093	4.247e-09	130644	58749.13	8.37191772460938	0.522	0.0544984253364989	NA	NA	NA	NA	NA	NA	-0.0466331291569349	0.0095628298350948	FALSE
17:19242467:A:G	rs4924986	17	19242467	A	G	0.878	0.885	0.0789960062264979	0.0135	4.878e-09	130644	58749.13	8.31175804138184	0.878	0.0789960062264979	NA	NA	NA	NA	NA	NA	0.0616933269831399	0.0132781824289052	FALSE
17:43671099:C:A	rs539288087	17	43671099	C	A	0.794	0.8	0.0630968574396732	0.011	9.03e-09	130644	58749.13	8.0443115234375	0.794	0.0630968574396732	NA	NA	NA	NA	NA	NA	0.052002162893367	0.0110281206126416	FALSE
17:43960325:T:C	rs55767267	17	43960325	T	C	0.795	0.801	0.0622985141942241	0.0109	1.03e-08	130644	58749.13	7.98715972900391	0.795	0.0622985141942241	NA	NA	NA	NA	NA	NA	0.0514143541347478	0.0109637252629	FALSE
17:44368215:C:G	rs2732600	17	44368215	C	G	0.83	0.834	0.07040254409814	0.0128	3.544e-08	130644	58749.13	7.45050621032715	0.83	0.07040254409814	NA	NA	NA	NA	NA	NA	0.0550668030789018	0.0127542390137084	FALSE
17:44753350:A:G	rs117300236	17	44753350	A	G	0.267	0.261	-0.0580953231907121	0.0106	4.452e-08	130644	58749.13	7.35144472122192	0.733	0.0580953231907121	NA	NA	NA	NA	NA	NA	-0.0477224600398371	0.0109260798942492	FALSE
18:53200117:A:G	rs9636107	18	53200117	A	G	0.529	0.506	-0.0698968513822572	0.0086	5.115e-16	130644	58749.13	15.2911539077759	0.471	0.0698968513822572	0.524133	-0.0520043	0.00888466	4.82007e-09	0	0.0520043	-0.0628014007688626	0.00835527646956615	TRUE
18:53408187:C:T	rs28758902	18	53408187	C	T	0.564	0.545	-0.0659047873877183	0.0086	2.567e-14	130644	58749.13	13.5905742645264	0.436	0.0659047873877183	NA	NA	NA	NA	NA	NA	-0.0590353468184882	0.00836005068469197	FALSE
18:52751708:A:G	rs12969453	18	52751708	A	G	0.588	0.605	0.0651976788453886	0.0087	8.518e-14	130644	58749.13	13.0696620941162	0.588	0.0651976788453886	0.591726	0.0566978	0.00873729	8.63077e-11	0	0.0566978	0.058213201454088	0.00846422668371041	FALSE
18:53010348:T:G	rs74914300	18	53010348	T	G	0.963	0.957	-0.160004446402924	0.022	3.949e-13	130644	58749.13	12.4035129547119	0.037	0.160004446402924	NA	NA	NA	NA	NA	NA	-0.147165036334609	0.0229354123084074	FALSE
18:77578986:G:A	rs11664298	18	77578986	G	A	0.807	0.794	-0.0773995372615036	0.0108	8.936e-13	130644	58749.13	12.0488567352295	0.193	0.0773995372615036	0.796908	-0.0837899	0.0108578	1.19059e-14	0	0.0837899	-0.0660590229124229	0.0105389601927421	FALSE
18:53775254:A:T	rs1789595	18	53775254	A	T	0.721	0.735	0.0644010116835795	0.0098	4.041e-11	130644	58749.13	10.3935108184814	0.721	0.0644010116835795	NA	NA	NA	NA	NA	NA	0.055634172964615	0.00959407304112288	FALSE
18:52888650:T:C	rs74377593	18	52888650	T	C	0.968	0.962	-0.156595332223074	0.0239	5.556e-11	130644	58749.13	10.2552375793457	0.032	0.156595332223074	NA	NA	NA	NA	NA	NA	-0.139265859534761	0.0274264607077387	FALSE
18:53301359:G:A	rs78294462	18	53301359	G	A	0.972	0.967	-0.16480389097625	0.0253	6.779e-11	129997	58541.37	10.1688346862793	0.028	0.16480389097625	NA	NA	NA	NA	NA	NA	-0.146200883625104	0.0282402475642857	FALSE
18:53568458:G:A	rs72934602	18	53568458	G	A	0.918	0.927	0.103503793014661	0.0163	2.345e-10	130644	58749.13	9.62985706329346	0.918	0.103503793014661	0.916632	0.0866048	0.0166785	2.07391e-07	0	0.0866048	0.081398819613249	0.0192967287035811	FALSE
18:77688830:G:C	rs12455965	18	77688830	G	C	0.563	0.553	-0.0513985630860003	0.0087	3.583e-09	130644	58749.13	8.44575309753418	0.437	0.0513985630860003	NA	NA	NA	NA	NA	NA	-0.0444585913556739	0.00903272864158526	FALSE
18:27500959:C:A	rs9304548	18	27500959	C	A	0.252	0.261	0.0567016428693038	0.01	1.594e-08	130644	58749.13	7.7975115776062	0.252	0.0567016428693038	0.748224	0.0580489	0.0100052	6.55675e-09	0	0.0580489	0.0475517877971999	0.0102719725769395	FALSE
18:50746748:C:T	rs4632195	18	50746748	C	T	0.48	0.471	-0.0471964348309747	0.0086	4.586e-08	130644	58749.13	7.33856582641602	0.52	0.0471964348309747	0.525804	-0.0461083	0.00862608	9.03062e-08	0	0.0461083	-0.0399996797152161	0.00916133304775996	FALSE
19:19518316:T:A	rs1000237	19	19518316	T	A	0.645	0.627	-0.0732053027592748	0.0089	2.8e-16	130644	58749.13	15.5528564453125	0.355	0.0732053027592748	0.643126	-0.0714309	0.00891328	1.1105e-15	0	0.0714309	-0.0654560240083212	0.00867091655997871	FALSE
19:19657632:A:C	rs7245983	19	19657632	A	C	0.647	0.629	-0.0737003629299574	0.009	3.091e-16	130644	58749.13	15.5099010467529	0.353	0.0737003629299574	NA	NA	NA	NA	NA	NA	-0.0657630728827398	0.00877235631733208	FALSE
19:19394396:C:T	rs10407952	19	19394396	C	T	0.663	0.648	-0.0636002947429691	0.0091	2.297e-12	130644	58749.13	11.6388387680054	0.337	0.0636002947429691	NA	NA	NA	NA	NA	NA	-0.0560617976536175	0.00889155972820462	FALSE
19:50162909:C:G	rs7251	19	50162909	C	G	0.672	0.682	0.0641009254065236	0.0094	8.292e-12	130644	58749.13	11.0813407897949	0.672	0.0641009254065236	NA	NA	NA	NA	NA	NA	0.0560415091827061	0.00918581820747166	FALSE
19:11849736:C:T	rs72986630	19	11849736	C	T	0.932	0.926	-0.112295619103693	0.0179	3.594e-10	130644	58749.13	9.44442176818848	0.0679999999999999	0.112295619103693	0.934496	-0.110438	0.0179136	7.04615e-10	0	0.110438	-0.0890854735403456	0.0228649692712651	FALSE
19:30987423:A:G	rs2053079	19	30987423	A	G	0.763	0.754	-0.0598986354083514	0.0101	3.007e-09	130644	58749.13	8.52186679840088	0.237	0.0598986354083514	0.768805	-0.0597933	0.0101038	3.26082e-09	0	0.0597933	-0.0506501670105964	0.0101602096976143	FALSE
20:37485458:G:A	rs4812325	20	37485458	G	A	0.384	0.37	-0.0719042482916749	0.0089	8.96e-16	130644	58749.13	15.0476989746094	0.616	0.0719042482916749	0.598412	-0.0712385	0.00890641	1.25873e-15	0	0.0712385	-0.0642238310055389	0.00865265681466403	FALSE
20:37364981:T:C	rs2247054	20	37364981	T	C	0.534	0.547	0.0606999130996222	0.0086	2.296e-12	130644	58749.13	11.6390285491943	0.534	0.0606999130996222	NA	NA	NA	NA	NA	NA	0.0540702959657849	0.00845750379188584	FALSE
20:48090779:G:A	rs6125656	20	48090779	G	A	0.819	0.809	-0.0644958553811008	0.0111	6.293e-09	130644	58749.13	8.20114231109619	0.181	0.0644958553811008	0.811534	-0.0646468	0.0111124	5.97138e-09	0	0.0646468	-0.0531822874611167	0.0110524416792804	FALSE
20:41814164:A:G	rs926288	20	41814164	A	G	0.2	0.193	-0.0613011005766046	0.011	2.495e-08	130644	58749.13	7.60292959213257	0.8	0.0613011005766046	0.794296	-0.0623532	0.0110318	1.58448e-08	0	0.0623532	-0.0501746504730036	0.0111685117575618	FALSE
20:62150128:T:C	rs113264400	20	62150128	T	C	0.952	0.948	-0.112295619103693	0.0202	2.865e-08	130644	58749.13	7.54287528991699	0.048	0.112295619103693	0.948809	-0.111789	0.0202061	3.15797e-08	0	0.111789	-0.0794977879003058	0.0255650693541942	FALSE
22:42370991:T:C	rs5751191	22	42370991	T	C	0.499	0.484	-0.0655950790984102	0.0086	3.004e-14	130644	58749.13	13.5222997665405	0.501	0.0655950790984102	NA	NA	NA	NA	NA	NA	-0.0587425852197982	0.00836281288922918	FALSE
22:41587556:T:A	rs9607782	22	41587556	T	A	0.754	0.741	-0.0755967721743758	0.01	4.968e-14	130644	58749.13	13.3038187026978	0.246	0.0755967721743758	0.760656	-0.0805129	0.0100373	1.0456e-15	0	0.0805129	-0.0658415297017602	0.00974170880603819	FALSE
22:42603814:C:T	rs6002655	22	42603814	C	T	0.583	0.566	-0.0635043893695306	0.0089	9.798e-13	130644	58749.13	12.0088624954224	0.417	0.0635043893695306	NA	NA	NA	NA	NA	NA	-0.0562921887055904	0.00869113679380261	FALSE
22:42474138:C:G	rs1807494	22	42474138	C	G	0.661	0.673	0.0606999130996222	0.0091	3.02e-11	130644	58749.13	10.5199890136719	0.661	0.0606999130996222	NA	NA	NA	NA	NA	NA	0.0532658637285696	0.00898463357295913	FALSE
22:40000313:T:C	rs5995756	22	40000313	T	C	0.44	0.455	0.0574006067311047	0.0086	3.181e-11	130644	58749.13	10.4974365234375	0.44	0.0574006067311047	NA	NA	NA	NA	NA	NA	0.0508360941148498	0.00857989131799761	FALSE
22:41468273:C:G	rs4821998	22	41468273	C	G	0.72	0.708	-0.0593997472816252	0.0095	4.161e-10	130644	58749.13	9.38080215454102	0.28	0.0593997472816252	NA	NA	NA	NA	NA	NA	-0.0512888667486795	0.00948875537038247	FALSE
22:51109735:G:A	rs713692	22	51109735	G	A	0.305	0.299	-0.0566020980240563	0.0095	2.666e-09	130263	58568.11	8.57413959503174	0.695	0.0566020980240563	0.690347	-0.0516022	0.00954733	6.48516e-08	0	0.0516022	-0.0484484710620829	0.00966154864556745	FALSE
22:41753603:G:A	rs11090045	22	41753603	G	A	0.703	0.691	-0.0559039069452338	0.0096	5.12e-09	130644	58749.13	8.29072570800781	0.297	0.0559039069452338	NA	NA	NA	NA	NA	NA	-0.0475266513763077	0.00983269598267831	FALSE
22:42248289:C:T	rs80094991	22	42248289	C	T	0.968	0.964	-0.136404086289288	0.0245	2.615e-08	130644	58749.13	7.58252811431885	0.032	0.136404086289288	NA	NA	NA	NA	NA	NA	-0.101629782194947	0.0354566486315807	FALSE
22:41027819:T:C	rs133047	22	41027819	T	C	0.103	0.108	0.07909764585865	0.0143	3.176e-08	130644	58749.13	7.49811935424805	0.103	0.07909764585865	NA	NA	NA	NA	NA	NA	0.0597165301214787	0.0142163887179683	FALSE
22:50294469:A:G	rs6520064	22	50294469	A	G	0.796	0.787	-0.0584981343943099	0.0106	3.583e-08	130644	58749.13	7.44575309753418	0.204	0.0584981343943099	0.784789	-0.0553984	0.0106228	1.83782e-07	0	0.0553984	-0.0481490727707412	0.0108913431460028	FALSE
22:39247750:C:T	rs6001259	22	39247750	C	T	0.984	0.982	-0.191499545979748	0.0348	3.696e-08	126538	57150.34	7.4322681427002	0.016	0.191499545979748	0.983702	-0.188372	0.0349744	7.20433e-08	0	0.188372	-0.145604287866567	0.0493797688920326	FALSE
