n,n_eff,v_cut,ll_neut,ll_plei,Ip_plei,dLL_plei,dLL_per_locus_plei,stat_plei,condition,replicate,dataset,beta_col
541,398402.0,7.458995057696262e-05,179.55168672966633,179.51414575633007,8.218082709149443e-05,-0.03754097333626305,-6.939181762710361e-05,-0.0,neutral,simulated_neutral_ldl_replicate_seed_30260517,causal,beta_true_smiles
608,398402.0,7.458995057696262e-05,267.5264605440313,287.95112333019614,1.398788177858614,20.424662786164845,0.03359319537198165,9.784018962190407,neutral,simulated_neutral_ldl_replicate_seed_30260517,beta_p,beta_p
608,398402.0,7.458995057696262e-05,128.5904876173489,128.5952116623082,0.0004217676270099516,0.004724044959289131,7.769810788304491e-06,0.0350022972433391,neutral,simulated_neutral_ldl_replicate_seed_30260517,beta_p_wc,beta_p_wc
608,398402.0,7.458995057696262e-05,220.20206477977015,221.51759595459842,0.20358240210411696,1.3155311748282656,0.0021637025901780683,0.9796736236231771,neutral,simulated_neutral_ldl_replicate_seed_30260517,beta_p_post,beta_p_post
506,398402.0,7.458995057696262e-05,115.40587644512702,115.26152524803909,5.623413251903422e-06,-0.14435119708792854,-0.00028527904562831725,-0.0,neutral,simulated_neutral_ldl_replicate_seed_30260518,causal,beta_true_smiles
571,398402.0,7.458995057696262e-05,200.1862743862129,211.37437833600038,0.38910201206101075,11.18810394978749,0.019593877320118195,5.649493306620657,neutral,simulated_neutral_ldl_replicate_seed_30260518,beta_p,beta_p
571,398402.0,7.458995057696262e-05,108.17095211405838,108.1284934528198,0.00013350215656299862,-0.04245866123858377,-7.435842598701185e-05,-0.0,neutral,simulated_neutral_ldl_replicate_seed_30260518,beta_p_wc,beta_p_wc
571,398402.0,7.458995057696262e-05,177.19211848158392,177.50093386152446,0.0188523811225111,0.3088153799405404,0.000540832539300421,0.3645875604323446,neutral,simulated_neutral_ldl_replicate_seed_30260518,beta_p_post,beta_p_post
504,398402.0,7.458995057696262e-05,120.85114260375225,120.77573398361139,5.623413251903422e-06,-0.07540862014086258,-0.00014962027805726704,-0.0,neutral,simulated_neutral_ldl_replicate_seed_30260519,causal,beta_true_smiles
554,398402.0,7.458995057696262e-05,198.40336011219114,204.47450642613566,0.22625065426026728,6.071146313944524,0.01095874785910564,3.3072310952469905,neutral,simulated_neutral_ldl_replicate_seed_30260519,beta_p,beta_p
554,398402.0,7.458995057696262e-05,100.60311888630844,100.52424170265155,9.227581520341296e-05,-0.07887718365688556,-0.0001423775878283133,-0.0,neutral,simulated_neutral_ldl_replicate_seed_30260519,beta_p_wc,beta_p_wc
554,398402.0,7.458995057696262e-05,167.47516483674215,167.48923755271957,0.0009723929396888143,0.014072715977420103,2.5402014399675274e-05,0.062097447035985465,neutral,simulated_neutral_ldl_replicate_seed_30260519,beta_p_post,beta_p_post
552,398402.0,7.458995057696262e-05,188.5207491590993,188.46605179572006,8.437160078391987e-05,-0.054697363379233366,-9.908942641165464e-05,-0.0,neutral,simulated_neutral_ldl_replicate_seed_30260520,causal,beta_true_smiles
616,398402.0,7.458995057696262e-05,269.59836202267826,284.79724667283114,1.2716573834342941,15.198884650152877,0.02467351404245597,7.4535404653385156,neutral,simulated_neutral_ldl_replicate_seed_30260520,beta_p,beta_p
616,398402.0,7.458995057696262e-05,131.25692890447797,131.20891327055955,0.00013669171345425686,-0.04801563391842478,-7.794745765978049e-05,-0.0,neutral,simulated_neutral_ldl_replicate_seed_30260520,beta_p_wc,beta_p_wc
616,398402.0,7.458995057696262e-05,224.18012805781564,224.8205042004506,0.13218037881780342,0.6403761426349774,0.0010395716601217166,0.5887858123027918,neutral,simulated_neutral_ldl_replicate_seed_30260520,beta_p_post,beta_p_post
452,398402.0,7.458995057696262e-05,194.1544442427614,194.06799252341764,7.542064364332819e-05,-0.0864517193437564,-0.00019126486580477078,-0.0,neutral,simulated_neutral_ldl_replicate_seed_30260521,causal,beta_true_smiles
598,398402.0,7.458995057696262e-05,291.81341393030436,301.1813019827445,1.1529657497752872,9.36788805244015,0.01566536463618754,4.823506332018038,neutral,simulated_neutral_ldl_replicate_seed_30260521,beta_p,beta_p
598,398402.0,7.458995057696262e-05,139.77881539120355,139.70221910928325,0.0001221695264906342,-0.07659628192030254,-0.00012808742796037215,-0.0,neutral,simulated_neutral_ldl_replicate_seed_30260521,beta_p_wc,beta_p_wc
598,398402.0,7.458995057696262e-05,223.4663416068307,223.45244378514664,0.00010631910893884352,-0.013897821684054179,-2.3240504488384916e-05,-0.0,neutral,simulated_neutral_ldl_replicate_seed_30260521,beta_p_post,beta_p_post
472,398402.0,7.458995057696262e-05,180.45442509315677,180.39547451038743,7.831108518550415e-05,-0.05895058276934151,-0.00012489530247741844,-0.0,neutral,simulated_neutral_ldl_replicate_seed_30260522,causal,beta_true_smiles
621,398402.0,7.458995057696262e-05,313.39964802184636,344.0000445898561,3.3945806618225385,30.600396568009728,0.04927600091466945,14.287849170368125,neutral,simulated_neutral_ldl_replicate_seed_30260522,beta_p,beta_p
621,398402.0,7.458995057696262e-05,137.51022015226485,137.52199816865692,0.00263764182214206,0.011778016392071322,1.896620997112934e-05,0.05649561092556389,neutral,simulated_neutral_ldl_replicate_seed_30260522,beta_p_wc,beta_p_wc
621,398402.0,7.458995057696262e-05,217.77774327612244,218.5871565617936,0.3075840897591206,0.8094132856711553,0.0013034030365074965,0.6919577298767821,neutral,simulated_neutral_ldl_replicate_seed_30260522,beta_p_post,beta_p_post
548,398402.0,7.458995057696262e-05,172.14104999807466,172.0417863965353,2.2387211385683196e-05,-0.09926360153937708,-0.00018113795901346182,-0.0,neutral,simulated_neutral_ldl_replicate_seed_30260523,causal,beta_true_smiles
649,398402.0,7.458995057696262e-05,270.75463983782316,283.73776443218003,0.8503823894478727,12.983124594356866,0.020004814475126143,6.459121859997111,neutral,simulated_neutral_ldl_replicate_seed_30260523,beta_p,beta_p
649,398402.0,7.458995057696262e-05,156.45749620857217,156.42757201211126,0.00017367851365124475,-0.029924196460910935,-4.610816095671947e-05,-0.0,neutral,simulated_neutral_ldl_replicate_seed_30260523,beta_p_wc,beta_p_wc
649,398402.0,7.458995057696262e-05,243.68110711980404,243.8612966577313,0.02909499985566699,0.180189537927248,0.00027764181498805547,0.2609850952315946,neutral,simulated_neutral_ldl_replicate_seed_30260523,beta_p_post,beta_p_post
547,398402.0,7.458995057696262e-05,191.06370986761567,190.96892761017244,5.700437693282071e-05,-0.09478225744322799,-0.00017327652183405482,-0.0,neutral,simulated_neutral_ldl_replicate_seed_30260524,causal,beta_true_smiles
588,398402.0,7.458995057696262e-05,258.0009595339604,273.1641181151966,1.054737850002122,15.163158581236189,0.025787684661966306,7.437542968010207,neutral,simulated_neutral_ldl_replicate_seed_30260524,beta_p,beta_p
588,398402.0,7.458995057696262e-05,128.8483640893684,128.8258068039077,0.0001652493075939429,-0.022557285460692356,-3.8362730375327136e-05,-0.0,neutral,simulated_neutral_ldl_replicate_seed_30260524,beta_p_wc,beta_p_wc
588,398402.0,7.458995057696262e-05,195.66416474775855,195.6538578450843,2.2387211385683196e-05,-0.010306902674244611,-1.7528746044633693e-05,-0.0,neutral,simulated_neutral_ldl_replicate_seed_30260524,beta_p_post,beta_p_post
582,398402.0,7.458995057696262e-05,184.57922886738424,184.44079303217924,4.707369837974408e-05,-0.13843583520500147,-0.00023786225980240803,-0.0,neutral,simulated_neutral_ldl_replicate_seed_30260525,causal,beta_true_smiles
652,398402.0,7.458995057696262e-05,270.8379002415155,279.4898753600565,0.6902615333838052,8.651975118540975,0.013269900488559777,4.4968578238027765,neutral,simulated_neutral_ldl_replicate_seed_30260525,beta_p,beta_p
652,398402.0,7.458995057696262e-05,144.94642700016743,144.88690146354722,0.00012561683635826855,-0.05952553662021387,-9.129683530707649e-05,-0.0,neutral,simulated_neutral_ldl_replicate_seed_30260525,beta_p_wc,beta_p_wc
652,398402.0,7.458995057696262e-05,230.54076013054134,230.70091956384786,0.026030260575269946,0.16015943330651794,0.0002456433026173588,0.24304754185874547,neutral,simulated_neutral_ldl_replicate_seed_30260525,beta_p_post,beta_p_post
415,398402.0,7.458995057696262e-05,84.66423905412529,84.76688429492226,0.001629981282018334,0.10264524079697424,0.0002473379296312632,0.1867633889042945,neutral,simulated_neutral_ldl_replicate_seed_30260526,causal,beta_true_smiles
479,398402.0,7.458995057696262e-05,157.16693163129634,174.32271328629378,0.38079257937591465,17.15578165499744,0.03581582808976501,8.32828725331227,neutral,simulated_neutral_ldl_replicate_seed_30260526,beta_p,beta_p
479,398402.0,7.458995057696262e-05,86.32814387226234,87.8178138951156,0.041014691864194104,1.4896700228532609,0.003109958294056912,1.0739990876299597,neutral,simulated_neutral_ldl_replicate_seed_30260526,beta_p_wc,beta_p_wc
479,398402.0,7.458995057696262e-05,136.75871944732162,143.4908710054328,0.19782859313256257,6.732151558111184,0.014054596154720635,3.6141338385408392,neutral,simulated_neutral_ldl_replicate_seed_30260526,beta_p_post,beta_p_post
127,398402.0,7.458995057696262e-05,39.40572011669325,44.359769621019716,0.022906616105611923,4.954049504326463,0.03900826381359419,2.7836941900336307,selected,simulated_ldl_replicate_seed_20260517,causal,beta_true_smiles
148,398402.0,7.458995057696262e-05,65.73673836269727,81.03350477016687,0.12846625458084981,15.296766407469605,0.10335652978020003,7.497364696772742,selected,simulated_ldl_replicate_seed_20260517,beta_p,beta_p
148,398402.0,7.458995057696262e-05,50.06701853390499,61.818916041548604,0.09778746844797609,11.751897507643612,0.07940471288948386,5.904246341889166,selected,simulated_ldl_replicate_seed_20260517,beta_p_wc,beta_p_wc
148,398402.0,7.458995057696262e-05,62.36285764919945,75.91546893455146,0.11827702455385672,13.552611285352008,0.09157169787400005,6.7151707787229125,selected,simulated_ldl_replicate_seed_20260517,beta_p_post,beta_p_post
548,398402.0,7.458995057696262e-05,191.3290368039084,205.2435717461244,0.544454904170551,13.914534942215994,0.025391487120832106,6.877718829233455,selected,simulated_ldl_replicate_seed_20260518,causal,beta_true_smiles
588,398402.0,7.458995057696262e-05,278.5836467499877,351.13740505284443,3.4827230905784092,72.55375830285675,0.12339074541302168,32.69154478868402,selected,simulated_ldl_replicate_seed_20260518,beta_p,beta_p
588,398402.0,7.458995057696262e-05,126.85162432346253,140.8503953661793,0.8147244358182559,13.998771042716768,0.023807433746116952,6.915532258600399,selected,simulated_ldl_replicate_seed_20260518,beta_p_wc,beta_p_wc
588,398402.0,7.458995057696262e-05,199.11023079351722,215.3191085554071,1.7325919373203487,16.20887776188988,0.027566118642669866,7.905371198688937,selected,simulated_ldl_replicate_seed_20260518,beta_p_post,beta_p_post
480,398402.0,7.458995057696262e-05,187.9354496668724,193.72234072574227,0.4711870646303223,5.786891058869884,0.012056023039312257,3.1746502938612373,selected,simulated_ldl_replicate_seed_20260519,causal,beta_true_smiles
620,398402.0,7.458995057696262e-05,309.633407592035,378.86205716753074,4.737101554851897,69.22864957549575,0.11165911221854154,31.237420318044553,selected,simulated_ldl_replicate_seed_20260519,beta_p,beta_p
620,398402.0,7.458995057696262e-05,145.41889967525594,154.39709699117404,0.7285362599117898,8.978197315918095,0.01448096341277112,4.645845829216081,selected,simulated_ldl_replicate_seed_20260519,beta_p_wc,beta_p_wc
620,398402.0,7.458995057696262e-05,210.48529199177005,215.95010974687634,1.1688237385430649,5.4648177551062815,0.008814222185655293,3.0239339290684764,selected,simulated_ldl_replicate_seed_20260519,beta_p_post,beta_p_post
560,398402.0,7.458995057696262e-05,182.93619589939397,196.03392554967,0.4091566823186638,13.097729650276023,0.02338880294692147,6.510678399803047,selected,simulated_ldl_replicate_seed_20260520,causal,beta_true_smiles
613,398402.0,7.458995057696262e-05,276.9844390604727,347.22157595711207,2.9062306463950023,70.23713689663936,0.11457934240887334,31.678497763826496,selected,simulated_ldl_replicate_seed_20260520,beta_p,beta_p
613,398402.0,7.458995057696262e-05,140.97375117521332,155.25986192351496,0.7184095060452921,14.286110748301638,0.023305237762319148,7.0444665926796874,selected,simulated_ldl_replicate_seed_20260520,beta_p_wc,beta_p_wc
613,398402.0,7.458995057696262e-05,216.8465318706463,235.62255547888913,1.5932903356824792,18.776023608242838,0.030629728561570698,9.050580946621578,selected,simulated_ldl_replicate_seed_20260520,beta_p_post,beta_p_post
582,398402.0,7.458995057696262e-05,207.27673662597812,222.65391201214496,0.4923903923930483,15.37717538616684,0.026421263550114846,7.533359956798367,selected,simulated_ldl_replicate_seed_20260521,causal,beta_true_smiles
650,398402.0,7.458995057696262e-05,304.6331897173432,382.44705382938815,3.1459651421190435,77.81386411204494,0.11971363709545375,34.99098235645601,selected,simulated_ldl_replicate_seed_20260521,beta_p,beta_p
650,398402.0,7.458995057696262e-05,145.53886129105146,158.01058968161388,0.6216275781390131,12.471728390562419,0.019187274447019106,6.228878999355873,selected,simulated_ldl_replicate_seed_20260521,beta_p_wc,beta_p_wc
650,398402.0,7.458995057696262e-05,237.08779874446665,254.51866350797872,1.5014596719449573,17.430864763512062,0.02681671502078779,8.451032780115499,selected,simulated_ldl_replicate_seed_20260521,beta_p_post,beta_p_post
563,398402.0,7.458995057696262e-05,207.55256513838714,232.8298276168073,0.8298395714844548,25.27726247842017,0.0448974466757019,11.935917834363785,selected,simulated_ldl_replicate_seed_20260522,causal,beta_true_smiles
634,398402.0,7.458995057696262e-05,311.4223746470566,406.88312169645053,4.165133311707735,95.46074704939394,0.1505690016551955,42.69880871665406,selected,simulated_ldl_replicate_seed_20260522,beta_p,beta_p
634,398402.0,7.458995057696262e-05,149.7223897663666,164.77812576563215,0.8315206651409001,15.05573599926555,0.023747217664456706,7.389434544994931,selected,simulated_ldl_replicate_seed_20260522,beta_p_wc,beta_p_wc
634,398402.0,7.458995057696262e-05,211.46684337496268,226.41822461203898,1.4751060430663667,14.951381237076305,0.023582620247754423,7.342690577448455,selected,simulated_ldl_replicate_seed_20260522,beta_p_post,beta_p_post
559,398402.0,7.458995057696262e-05,217.73564729276396,235.35511949592185,0.8628058597182025,17.619472203157898,0.03151962827040769,8.535163415945235,selected,simulated_ldl_replicate_seed_20260523,causal,beta_true_smiles
628,398402.0,7.458995057696262e-05,304.73145621395065,374.9531571000414,4.630469202165325,70.22170088609073,0.11181799504154574,31.6717469185434,selected,simulated_ldl_replicate_seed_20260523,beta_p,beta_p
628,398402.0,7.458995057696262e-05,142.4799010494457,153.23584389940672,0.7693224366095157,10.75594284996103,0.01712729753178508,5.453898750285638,selected,simulated_ldl_replicate_seed_20260523,beta_p_wc,beta_p_wc
628,398402.0,7.458995057696262e-05,201.69429071676566,210.25677966673882,1.4770975564360633,8.562488949973158,0.013634536544543245,4.455944574853694,selected,simulated_ldl_replicate_seed_20260523,beta_p_post,beta_p_post
545,398402.0,7.458995057696262e-05,207.61351182683535,220.08128642450905,0.6277378568058212,12.467774597673696,0.022876650637933385,6.2270976935806,selected,simulated_ldl_replicate_seed_20260524,causal,beta_true_smiles
633,398402.0,7.458995057696262e-05,302.68409041713727,374.7646161818161,4.546894146239162,72.08052576467884,0.11387128872777068,32.48462052744921,selected,simulated_ldl_replicate_seed_20260524,beta_p,beta_p
633,398402.0,7.458995057696262e-05,148.96840952177055,158.96489239212536,0.8450925961571141,9.99648287035481,0.015792232022677426,5.109424879454099,selected,simulated_ldl_replicate_seed_20260524,beta_p_wc,beta_p_wc
633,398402.0,7.458995057696262e-05,221.4595565571455,238.385915026438,2.4726580593641136,16.926358469292495,0.02673990279509083,8.225877243433086,selected,simulated_ldl_replicate_seed_20260524,beta_p_post,beta_p_post
550,398402.0,7.458995057696262e-05,188.85475358075368,210.13594957888154,0.7759678895118518,21.281195998127856,0.038693083632959736,10.164543128729369,selected,simulated_ldl_replicate_seed_20260525,causal,beta_true_smiles
591,398402.0,7.458995057696262e-05,269.022882046341,334.84771062768607,3.0334273193682932,65.82482858134506,0.11137872856403563,29.748368078525207,selected,simulated_ldl_replicate_seed_20260525,beta_p,beta_p
591,398402.0,7.458995057696262e-05,147.15940176820223,166.39391172838683,0.9802964318701766,19.234509960184596,0.03254570213229204,9.254692694381179,selected,simulated_ldl_replicate_seed_20260525,beta_p_wc,beta_p_wc
591,398402.0,7.458995057696262e-05,207.543283015381,224.41283984697688,1.7299641740026745,16.869556831595872,0.028544089393563236,8.200516582907897,selected,simulated_ldl_replicate_seed_20260525,beta_p_post,beta_p_post
356,398402.0,7.458995057696262e-05,109.83211167462733,124.5072383905073,0.09022911126391052,14.67512671587997,0.04122226605584261,7.218901114337011,selected,simulated_ldl_replicate_seed_20260526,causal,beta_true_smiles
246,398402.0,7.458995057696262e-05,79.99053016584803,94.6010406089409,0.19736206106671383,14.610510443092878,0.05939231887436129,7.189936811353809,selected,simulated_ldl_replicate_seed_20260526,beta_p,beta_p
246,398402.0,7.458995057696262e-05,51.26992406591013,56.18036569545603,0.07134993054450811,4.9104416295459,0.01996114483555244,2.76310652654608,selected,simulated_ldl_replicate_seed_20260526,beta_p_wc,beta_p_wc
246,398402.0,7.458995057696262e-05,71.58835316437188,81.48274702148291,0.15638296863256934,9.894393857111027,0.04022111324028873,5.063041419396804,selected,simulated_ldl_replicate_seed_20260526,beta_p_post,beta_p_post
