n,n_eff,v_cut,ll_neut,ll_stab,I2_stab,dLL_stab,dLL_per_locus_stab,stat_stab,condition,replicate,dataset,beta_col
541,398402.0,7.458995057696262e-05,179.55168672966633,179.5527509924135,9.939471236256048e-05,0.0010642627471781907,1.9672139504217944e-06,0.01628267125057473,neutral,simulated_neutral_ldl_replicate_seed_30260517,causal,beta_true_smiles
608,398402.0,7.458995057696262e-05,267.5264605440313,287.8593083101818,0.7066734093102038,20.332847766150508,0.03344218382590544,9.7432088540759,neutral,simulated_neutral_ldl_replicate_seed_30260517,beta_p,beta_p
608,398402.0,7.458995057696262e-05,128.5904876173489,129.0355963371728,0.12751650654798397,0.4451087198238781,0.0007320867102366416,0.461654543612751,neutral,simulated_neutral_ldl_replicate_seed_30260517,beta_p_wc,beta_p_wc
608,398402.0,7.458995057696262e-05,220.20206477977015,221.36671910202188,0.24345897052218657,1.164654322251721,0.001915549872124541,0.8963390643578548,neutral,simulated_neutral_ldl_replicate_seed_30260517,beta_p_post,beta_p_post
506,398402.0,7.458995057696262e-05,115.40587644512702,115.40817724356286,7.943282347242691e-06,0.002300798435840079,4.547032481897389e-06,0.024147003606302807,neutral,simulated_neutral_ldl_replicate_seed_30260518,causal,beta_true_smiles
571,398402.0,7.458995057696262e-05,200.1862743862129,210.8778741298054,0.3242929444848149,10.69159974359252,0.018724342808393205,5.424752061737364,neutral,simulated_neutral_ldl_replicate_seed_30260518,beta_p,beta_p
571,398402.0,7.458995057696262e-05,108.17095211405838,108.18555072490224,0.010705078190410281,0.014598610843862048,2.5566744034784672e-05,0.06332319818218625,neutral,simulated_neutral_ldl_replicate_seed_30260518,beta_p_wc,beta_p_wc
571,398402.0,7.458995057696262e-05,177.19211848158392,177.35728023022554,0.052802714564813204,0.1651617486416228,0.0002892499976210557,0.24759145752421216,neutral,simulated_neutral_ldl_replicate_seed_30260518,beta_p_post,beta_p_post
504,398402.0,7.458995057696262e-05,120.85114260375225,120.85227155834724,7.943282347242691e-06,0.0011289545949892954,2.2399892757724114e-06,0.016779418166173756,neutral,simulated_neutral_ldl_replicate_seed_30260519,causal,beta_true_smiles
554,398402.0,7.458995057696262e-05,198.40336011219114,203.35805103004037,0.19299536319388413,4.954690917849234,0.008943485411280205,2.783996911463487,neutral,simulated_neutral_ldl_replicate_seed_30260519,beta_p,beta_p
554,398402.0,7.458995057696262e-05,100.60311888630844,100.60472601169596,9.611972065972797e-05,0.0016071253875225011,2.9009483529287023e-06,0.020092745639070358,neutral,simulated_neutral_ldl_replicate_seed_30260519,beta_p_wc,beta_p_wc
554,398402.0,7.458995057696262e-05,167.47516483674215,167.47469968970452,7.943282347242691e-06,-0.00046514703763023135,-8.396155913903093e-07,-0.0,neutral,simulated_neutral_ldl_replicate_seed_30260519,beta_p_post,beta_p_post
552,398402.0,7.458995057696262e-05,188.5207491590993,188.5217026349223,7.943282347242691e-06,0.0009534758229960971,1.7273112735436542e-06,0.015396850122813869,neutral,simulated_neutral_ldl_replicate_seed_30260520,causal,beta_true_smiles
616,398402.0,7.458995057696262e-05,269.59836202267826,285.8959949747419,0.7212826219564937,16.297632952063623,0.026457196350752634,7.945039149821477,neutral,simulated_neutral_ldl_replicate_seed_30260520,beta_p,beta_p
616,398402.0,7.458995057696262e-05,131.25692890447797,131.258885653256,0.0001952652671786797,0.0019567487780136616,3.176540224048152e-06,0.02222222008955474,neutral,simulated_neutral_ldl_replicate_seed_30260520,beta_p_wc,beta_p_wc
616,398402.0,7.458995057696262e-05,224.18012805781564,224.83096351926812,0.2214189789585196,0.6508354614524876,0.001056551073786506,0.595323212120072,neutral,simulated_neutral_ldl_replicate_seed_30260520,beta_p_post,beta_p_post
452,398402.0,7.458995057696262e-05,194.1544442427614,194.15610513231437,7.955795179245895e-05,0.0016608895529657275,3.6745344092162114e-06,0.020433658623105984,neutral,simulated_neutral_ldl_replicate_seed_30260521,causal,beta_true_smiles
598,398402.0,7.458995057696262e-05,291.81341393030436,301.6432044431973,0.6983014900524913,9.829790512892941,0.016437776777412944,5.03367919281932,neutral,simulated_neutral_ldl_replicate_seed_30260521,beta_p,beta_p
598,398402.0,7.458995057696262e-05,139.77881539120355,139.78107361899214,0.00014189043658594612,0.002258227788587419,3.776300649811738e-06,0.023916623402927984,neutral,simulated_neutral_ldl_replicate_seed_30260521,beta_p_wc,beta_p_wc
598,398402.0,7.458995057696262e-05,223.4663416068307,223.46653681068605,0.00011657396345191913,0.00019520385535543028,3.2642785176493357e-07,0.006900827205031197,neutral,simulated_neutral_ldl_replicate_seed_30260521,beta_p_post,beta_p_post
472,398402.0,7.458995057696262e-05,180.45442509315677,180.45557672847173,8.250949067393011e-05,0.0011516353149545466,2.439905328293531e-06,0.016950314453266467,neutral,simulated_neutral_ldl_replicate_seed_30260522,causal,beta_true_smiles
621,398402.0,7.458995057696262e-05,313.39964802184636,345.4119246518656,1.3115155298432923,32.012276630019244,0.051549559790691216,14.910525099828357,neutral,simulated_neutral_ldl_replicate_seed_30260522,beta_p,beta_p
621,398402.0,7.458995057696262e-05,137.51022015226485,137.9396332497055,0.19966087440379848,0.4294130974406585,0.0006914864693086288,0.45091408124129684,neutral,simulated_neutral_ldl_replicate_seed_30260522,beta_p_wc,beta_p_wc
621,398402.0,7.458995057696262e-05,217.77774327612244,218.82106071479063,0.3713013792707835,1.043317438668197,0.001680060287710462,0.8280014597077948,neutral,simulated_neutral_ldl_replicate_seed_30260522,beta_p_post,beta_p_post
548,398402.0,7.458995057696262e-05,172.14104999807466,172.14263084305875,7.943282347242691e-06,0.0015808449840903904,2.884753620602902e-06,0.0199241217383476,neutral,simulated_neutral_ldl_replicate_seed_30260523,causal,beta_true_smiles
649,398402.0,7.458995057696262e-05,270.75463983782316,284.32187007124116,0.5702360733816382,13.567230233418002,0.02090482316397227,6.721739080839489,neutral,simulated_neutral_ldl_replicate_seed_30260523,beta_p,beta_p
649,398402.0,7.458995057696262e-05,156.45749620857217,156.63647321775517,0.05670394586471765,0.17897700918300075,0.0002757735118382138,0.2599179374106091,neutral,simulated_neutral_ldl_replicate_seed_30260523,beta_p_wc,beta_p_wc
649,398402.0,7.458995057696262e-05,243.68110711980404,243.84169125279467,0.09055941194992839,0.16058413299063545,0.00024743317872208853,0.2434350851036335,neutral,simulated_neutral_ldl_replicate_seed_30260523,beta_p_post,beta_p_post
547,398402.0,7.458995057696262e-05,191.06370986761567,191.0655709444106,5.701078634725074e-05,0.001861076794938299,3.402334177218097e-06,0.02165891094997255,neutral,simulated_neutral_ldl_replicate_seed_30260524,causal,beta_true_smiles
588,398402.0,7.458995057696262e-05,258.0009595339604,273.3681575317212,0.6159575476808302,15.367197997760798,0.02613469047238231,7.528893846075201,neutral,simulated_neutral_ldl_replicate_seed_30260524,beta_p,beta_p
588,398402.0,7.458995057696262e-05,128.8483640893684,128.98310198191098,0.05301686733167095,0.1347378925425744,0.00022914607575267755,0.2191905956666929,neutral,simulated_neutral_ldl_replicate_seed_30260524,beta_p_wc,beta_p_wc
588,398402.0,7.458995057696262e-05,195.66416474775855,195.66437109116646,7.943282347242691e-06,0.0002063434079104809,3.5092416311306273e-07,0.007096566078537476,neutral,simulated_neutral_ldl_replicate_seed_30260524,beta_p_post,beta_p_post
582,398402.0,7.458995057696262e-05,184.57922886738424,184.5814096783448,5.7824165648084754e-05,0.0021808109605672144,3.7470978703904028e-06,0.023492324047823334,neutral,simulated_neutral_ldl_replicate_seed_30260525,causal,beta_true_smiles
652,398402.0,7.458995057696262e-05,270.8379002415155,279.90096455618124,0.49092553830091473,9.063064314665723,0.0139004053905916,4.684565102017684,neutral,simulated_neutral_ldl_replicate_seed_30260525,beta_p,beta_p
652,398402.0,7.458995057696262e-05,144.94642700016743,144.94810241651393,0.0001650729000809981,0.0016754163465009242,2.5696569731609268e-06,0.02052486328279365,neutral,simulated_neutral_ldl_replicate_seed_30260525,beta_p_wc,beta_p_wc
652,398402.0,7.458995057696262e-05,230.54076013054134,230.7243772530035,0.0993723647987471,0.18361712246215234,0.0002816213534695588,0.2639895819241501,neutral,simulated_neutral_ldl_replicate_seed_30260525,beta_p_post,beta_p_post
415,398402.0,7.458995057696262e-05,84.66423905412529,84.89145900686917,0.020015534287632187,0.22721995274388007,0.0005475179584189881,0.3008267757088046,neutral,simulated_neutral_ldl_replicate_seed_30260526,causal,beta_true_smiles
479,398402.0,7.458995057696262e-05,157.16693163129634,173.0579818967684,0.27322688918127863,15.891050265472074,0.0331754702828227,7.763273996460843,neutral,simulated_neutral_ldl_replicate_seed_30260526,beta_p,beta_p
479,398402.0,7.458995057696262e-05,86.32814387226234,89.05181633790554,0.11678385645682489,2.7236724656431903,0.005686163811363654,1.707786259257145,neutral,simulated_neutral_ldl_replicate_seed_30260526,beta_p_wc,beta_p_wc
479,398402.0,7.458995057696262e-05,136.75871944732162,142.5816492360931,0.17862947630861836,5.822929788771489,0.012156429621652379,3.1914811869826067,neutral,simulated_neutral_ldl_replicate_seed_30260526,beta_p_post,beta_p_post
127,398402.0,7.458995057696262e-05,39.40572011669325,45.91037297526292,0.028006937678817345,6.504652858569671,0.051217739043855674,3.5087127907297813,selected,simulated_ldl_replicate_seed_20260517,causal,beta_true_smiles
148,398402.0,7.458995057696262e-05,65.73673836269727,81.99877047659528,0.09070206767567225,16.262032113898016,0.10987859536417578,7.929128527899262,selected,simulated_ldl_replicate_seed_20260517,beta_p,beta_p
148,398402.0,7.458995057696262e-05,50.06701853390499,63.87363121319329,0.07759678895118412,13.8066126792883,0.09328792350870473,6.829262419195641,selected,simulated_ldl_replicate_seed_20260517,beta_p_wc,beta_p_wc
148,398402.0,7.458995057696262e-05,62.36285764919945,76.98051598802999,0.08806923395023095,14.617658338830545,0.09876796174885503,7.193141047423534,selected,simulated_ldl_replicate_seed_20260517,beta_p_post,beta_p_post
548,398402.0,7.458995057696262e-05,191.3290368039084,207.02884054258965,0.38128524566362004,15.699803738681254,0.02864927689540375,7.677732397535687,selected,simulated_ldl_replicate_seed_20260518,causal,beta_true_smiles
588,398402.0,7.458995057696262e-05,278.5836467499877,353.5180550042513,1.2212832654512837,74.93440825426364,0.12743946982017626,33.73236659793051,selected,simulated_ldl_replicate_seed_20260518,beta_p,beta_p
588,398402.0,7.458995057696262e-05,126.85162432346253,144.2648770158193,0.5190800944678856,17.413252692356778,0.029614375327137378,8.443175535311516,selected,simulated_ldl_replicate_seed_20260518,beta_p_wc,beta_p_wc
588,398402.0,7.458995057696262e-05,199.11023079351722,215.16679641513917,0.83161415902394,16.056565621621957,0.02730708439051353,7.837283642985965,selected,simulated_ldl_replicate_seed_20260518,beta_p_post,beta_p_post
480,398402.0,7.458995057696262e-05,187.9354496668724,195.39624519005,0.3974810297300918,7.460795523177609,0.015543324006620018,3.9504991508788776,selected,simulated_ldl_replicate_seed_20260519,causal,beta_true_smiles
620,398402.0,7.458995057696262e-05,309.633407592035,381.93927861673865,1.568231439567119,72.30587102470366,0.11662237262048977,32.58315545925347,selected,simulated_ldl_replicate_seed_20260519,beta_p,beta_p
620,398402.0,7.458995057696262e-05,145.41889967525594,158.46900781187966,0.595394320402788,13.05010813662372,0.02104856151068342,6.48925704672605,selected,simulated_ldl_replicate_seed_20260519,beta_p_wc,beta_p_wc
620,398402.0,7.458995057696262e-05,210.48529199177005,216.72482346867898,0.6833889759928528,6.2395314769089225,0.010063760446627294,3.3855894439356713,selected,simulated_ldl_replicate_seed_20260519,beta_p_post,beta_p_post
560,398402.0,7.458995057696262e-05,182.93619589939397,197.6115894391245,0.3194438498748192,14.675393539730521,0.02620605989237593,7.219020710579913,selected,simulated_ldl_replicate_seed_20260520,causal,beta_true_smiles
613,398402.0,7.458995057696262e-05,276.9844390604727,349.28158678133696,1.0997870302337542,72.29714772086425,0.11793988208950122,32.57934112776955,selected,simulated_ldl_replicate_seed_20260520,beta_p,beta_p
613,398402.0,7.458995057696262e-05,140.97375117521332,158.7679373250392,0.5091384985588946,17.79418614982589,0.029028036133484324,8.613076576388695,selected,simulated_ldl_replicate_seed_20260520,beta_p_wc,beta_p_wc
613,398402.0,7.458995057696262e-05,216.8465318706463,235.49795775220943,0.82028513934912,18.651425881563142,0.030426469627346072,8.995091626871485,selected,simulated_ldl_replicate_seed_20260520,beta_p_post,beta_p_post
582,398402.0,7.458995057696262e-05,207.27673662597812,223.10465655458555,0.3348901266854717,15.827919928607429,0.02719573870894747,7.735039929500078,selected,simulated_ldl_replicate_seed_20260521,causal,beta_true_smiles
650,398402.0,7.458995057696262e-05,304.6331897173432,383.6125002823205,1.1802463234563736,78.97931056497731,0.12150663163842663,35.50031757368989,selected,simulated_ldl_replicate_seed_20260521,beta_p,beta_p
650,398402.0,7.458995057696262e-05,145.53886129105146,161.96237188145093,0.44558009448590946,16.423510590399474,0.025266939369845344,8.001288568791749,selected,simulated_ldl_replicate_seed_20260521,beta_p_wc,beta_p_wc
650,398402.0,7.458995057696262e-05,237.08779874446665,253.75583091513437,0.7175619063667201,16.668032170667715,0.02564312641641187,8.110522315341353,selected,simulated_ldl_replicate_seed_20260521,beta_p_post,beta_p_post
563,398402.0,7.458995057696262e-05,207.55256513838714,234.86090853359576,0.4758185905959212,27.308343395208624,0.04850505043553929,12.834202342061214,selected,simulated_ldl_replicate_seed_20260522,causal,beta_true_smiles
634,398402.0,7.458995057696262e-05,311.4223746470566,410.42449869833075,1.3410389941138545,99.00212405127417,0.1561547697969624,44.24463969690654,selected,simulated_ldl_replicate_seed_20260522,beta_p,beta_p
634,398402.0,7.458995057696262e-05,149.7223897663666,169.63442036276302,0.5644950737300267,19.91203059639642,0.03140698832239183,9.556110807251757,selected,simulated_ldl_replicate_seed_20260522,beta_p_wc,beta_p_wc
634,398402.0,7.458995057696262e-05,211.46684337496268,227.94091820470652,0.7749216820899396,16.47407482974384,0.02598434515732467,8.023880358387988,selected,simulated_ldl_replicate_seed_20260522,beta_p_post,beta_p_post
559,398402.0,7.458995057696262e-05,217.73564729276396,238.37875394790555,0.5458953249223419,20.643106655141594,0.03692863444569158,9.88109718709685,selected,simulated_ldl_replicate_seed_20260523,causal,beta_true_smiles
628,398402.0,7.458995057696262e-05,304.73145621395065,376.86514945012783,1.5216831050263457,72.13369323617718,0.11486256884741589,32.50786883114836,selected,simulated_ldl_replicate_seed_20260523,beta_p,beta_p
628,398402.0,7.458995057696262e-05,142.4799010494457,157.41656564952336,0.5472472574342988,14.936664600077677,0.023784497770824326,7.336097750330189,selected,simulated_ldl_replicate_seed_20260523,beta_p_wc,beta_p_wc
628,398402.0,7.458995057696262e-05,201.69429071676566,211.09135075207928,0.8015050259438463,9.397060035313615,0.01496347139381149,4.8367928059449765,selected,simulated_ldl_replicate_seed_20260523,beta_p_post,beta_p_post
545,398402.0,7.458995057696262e-05,207.61351182683535,223.52329346844493,0.4624226120058788,15.909781641609584,0.029192259892861623,7.77165072232348,selected,simulated_ldl_replicate_seed_20260524,causal,beta_true_smiles
633,398402.0,7.458995057696262e-05,302.68409041713727,378.6682006914889,1.5247657391918914,75.98411027435162,0.12003808890102942,34.19122837543172,selected,simulated_ldl_replicate_seed_20260524,beta_p,beta_p
633,398402.0,7.458995057696262e-05,148.96840952177055,163.66902628994725,0.5839911288663824,14.700616768176701,0.023223723172475043,7.230326020999031,selected,simulated_ldl_replicate_seed_20260524,beta_p_wc,beta_p_wc
633,398402.0,7.458995057696262e-05,221.4595565571455,240.22972711962393,1.1117217278855398,18.770170562478427,0.029652718108180768,9.047974501496824,selected,simulated_ldl_replicate_seed_20260524,beta_p_post,beta_p_post
550,398402.0,7.458995057696262e-05,188.85475358075368,212.4329410571478,0.5237700063977058,23.578187476394106,0.042869431775262014,11.183472836961446,selected,simulated_ldl_replicate_seed_20260525,causal,beta_true_smiles
591,398402.0,7.458995057696262e-05,269.022882046341,338.9094306561562,1.1298670503442811,69.88654860981518,0.11825135128564328,31.52516758525564,selected,simulated_ldl_replicate_seed_20260525,beta_p,beta_p
591,398402.0,7.458995057696262e-05,147.15940176820223,171.38595087964637,0.5931226802986054,24.226549111444143,0.04099246888569229,11.470719251550776,selected,simulated_ldl_replicate_seed_20260525,beta_p_wc,beta_p_wc
591,398402.0,7.458995057696262e-05,207.543283015381,225.4509354678403,0.8609163138165029,17.907652452459303,0.030300596366259397,8.66366634896649,selected,simulated_ldl_replicate_seed_20260525,beta_p_post,beta_p_post
356,398402.0,7.458995057696262e-05,109.83211167462733,127.29554026851523,0.09406704469359445,17.463428593887897,0.049054574701932294,8.46555990113235,selected,simulated_ldl_replicate_seed_20260526,causal,beta_true_smiles
246,398402.0,7.458995057696262e-05,79.99053016584803,96.4271696684379,0.15753000299005449,16.43663950258987,0.06681560773410516,8.007154663187631,selected,simulated_ldl_replicate_seed_20260526,beta_p,beta_p
246,398402.0,7.458995057696262e-05,51.26992406591013,59.51419387014958,0.1022051208890101,8.244269804239451,0.03351329188715224,4.310291391898589,selected,simulated_ldl_replicate_seed_20260526,beta_p_wc,beta_p_wc
246,398402.0,7.458995057696262e-05,71.58835316437188,82.83136720470156,0.1354677562023989,11.243014040329683,0.045703309107031236,5.674324946920427,selected,simulated_ldl_replicate_seed_20260526,beta_p_post,beta_p_post
