locus,chrom,pos,ref,alt,raf,rbeta,se,cs_id,corr,pip,orig_locus,orig_pos,orig_raf,orig_rbeta
7.0,1,11873512.0,A,G,0.952,0.074,0.005,3.0,0.9283524356800427,0.355,1:11895795,11895795,0.8362,0.03968
7.0,1,11905974.0,A,G,0.946,0.072,0.005,3.0,0.9283524356800427,0.112,1:11895795,11895795,0.8362,0.03968
,1,,,,,,,,,,1:243485126,243485126,0.3008,0.02921
21.0,1,113050985.0,C,T,0.318,0.019,0.003,1.0,0.8080255479235565,0.189,1:113147607,113147607,0.2047,0.02714
21.0,1,113051074.0,A,G,0.318,0.019,0.003,1.0,0.8080255479235565,0.213,1:113147607,113147607,0.2047,0.02714
21.0,1,113051730.0,C,G,0.317,0.019,0.003,1.0,0.8080255479235565,0.23,1:113147607,113147607,0.2047,0.02714
21.0,1,113052155.0,C,G,0.318,0.019,0.003,1.0,0.8080255479235565,0.219,1:113147607,113147607,0.2047,0.02714
21.0,1,113052186.0,G,C,0.318,0.019,0.003,1.0,0.8080255479235565,0.149,1:113147607,113147607,0.2047,0.02714
32.0,1,230844273.0,T,C,0.403,0.021,0.002,1.0,0.9791786840617802,0.122,1:230848702,230848702,0.2406,0.02462
32.0,1,230844310.0,T,C,0.404,0.021,0.002,1.0,0.9791786840617802,0.104,1:230848702,230848702,0.2406,0.02462
32.0,1,230844772.0,G,T,0.403,0.021,0.002,1.0,0.9791786840617802,0.152,1:230848702,230848702,0.2406,0.02462
32.0,1,230845794.0,A,G,0.403,0.021,0.002,1.0,0.9791786840617802,0.166,1:230848702,230848702,0.2406,0.02462
32.0,1,230849359.0,T,C,0.403,0.021,0.002,1.0,0.9791786840617802,0.144,1:230848702,230848702,0.2406,0.02462
32.0,1,230851536.0,C,T,0.403,0.02,0.002,1.0,0.9791786840617802,0.102,1:230848702,230848702,0.2406,0.02462
23.0,1,153662423.0,G,A,0.017,0.078,0.009,1.0,0.997291178383732,1.0,1:153662423,153662423,0.01743,0.07684
21.0,1,113050985.0,C,T,0.318,0.019,0.003,1.0,0.8937115037934931,0.189,1:113046395,113046395,0.7482,0.02281
21.0,1,113051074.0,A,G,0.318,0.019,0.003,1.0,0.8937115037934931,0.213,1:113046395,113046395,0.7482,0.02281
21.0,1,113051730.0,C,G,0.317,0.019,0.003,1.0,0.8937115037934931,0.23,1:113046395,113046395,0.7482,0.02281
21.0,1,113052155.0,C,G,0.318,0.019,0.003,1.0,0.8937115037934931,0.219,1:113046395,113046395,0.7482,0.02281
21.0,1,113052186.0,G,C,0.318,0.019,0.003,1.0,0.8937115037934931,0.149,1:113046395,113046395,0.7482,0.02281
2.0,1,3326510.0,G,A,0.138,0.028,0.003,1.0,0.9796800267560192,0.17,1:3328659,3328659,0.1394,0.02846
2.0,1,3327032.0,C,T,0.138,0.028,0.003,1.0,0.9796800267560192,0.178,1:3328659,3328659,0.1394,0.02846
2.0,1,3328659.0,C,T,0.141,0.027,0.003,1.0,0.9796800267560192,0.121,1:3328659,3328659,0.1394,0.02846
2.0,1,3329384.0,C,T,0.138,0.028,0.003,1.0,0.9796800267560192,0.168,1:3328659,3328659,0.1394,0.02846
2.0,1,3330677.0,G,A,0.139,0.027,0.003,1.0,0.9796800267560192,0.101,1:3328659,3328659,0.1394,0.02846
21.0,1,113050985.0,C,T,0.318,0.019,0.003,1.0,0.8973839023892749,0.189,1:113247713,113247713,0.8287,0.02617
21.0,1,113051074.0,A,G,0.318,0.019,0.003,1.0,0.8973839023892749,0.213,1:113247713,113247713,0.8287,0.02617
21.0,1,113051730.0,C,G,0.317,0.019,0.003,1.0,0.8973839023892749,0.23,1:113247713,113247713,0.8287,0.02617
21.0,1,113052155.0,C,G,0.318,0.019,0.003,1.0,0.8973839023892749,0.219,1:113247713,113247713,0.8287,0.02617
21.0,1,113052186.0,G,C,0.318,0.019,0.003,1.0,0.8973839023892749,0.149,1:113247713,113247713,0.8287,0.02617
21.0,1,113050985.0,C,T,0.318,0.019,0.003,1.0,0.9108643130860885,0.189,1:113537084,113537084,0.5679,0.01961
21.0,1,113051074.0,A,G,0.318,0.019,0.003,1.0,0.9108643130860885,0.213,1:113537084,113537084,0.5679,0.01961
21.0,1,113051730.0,C,G,0.317,0.019,0.003,1.0,0.9108643130860885,0.23,1:113537084,113537084,0.5679,0.01961
21.0,1,113052155.0,C,G,0.318,0.019,0.003,1.0,0.9108643130860885,0.219,1:113537084,113537084,0.5679,0.01961
21.0,1,113052186.0,G,C,0.318,0.019,0.003,1.0,0.9108643130860885,0.149,1:113537084,113537084,0.5679,0.01961
9.0,1,25022314.0,G,A,0.246,0.015,0.003,1.0,0.6818537318969705,0.108,1:25022314,25022314,0.2453,0.02202
9.0,1,25040315.0,C,T,0.252,0.014,0.003,1.0,0.6818537318969705,0.039,1:25022314,25022314,0.2453,0.02202
4.0,1,8481016.0,T,G,0.582,0.017,0.002,1.0,0.901124403930539,0.211,1:8481016,8481016,0.5854,0.0189
4.0,1,8482078.0,C,T,0.58,0.017,0.002,1.0,0.901124403930539,0.108,1:8481016,8481016,0.5854,0.0189
4.0,1,8484823.0,A,G,0.582,0.017,0.002,1.0,0.901124403930539,0.132,1:8481016,8481016,0.5854,0.0189
4.0,1,8489302.0,C,T,0.583,0.017,0.002,1.0,0.901124403930539,0.176,1:8481016,8481016,0.5854,0.0189
4.0,1,8497307.0,T,A,0.583,0.017,0.002,1.0,0.901124403930539,0.139,1:8481016,8481016,0.5854,0.0189
6.0,1,10796547.0,G,A,0.335,0.021,0.002,1.0,0.9317883478684168,0.28,1:10798552,10798552,0.369,0.01914
6.0,1,10796866.0,T,C,0.338,0.021,0.002,1.0,0.9317883478684168,0.068,1:10798552,10798552,0.369,0.01914
6.0,1,10798489.0,C,G,0.338,0.021,0.002,1.0,0.9317883478684168,0.477,1:10798552,10798552,0.369,0.01914
22.0,1,115826700.0,T,G,0.016,0.072,0.009,1.0,0.9881260529070726,0.358,1:115829178,115829178,0.01773,0.06928
22.0,1,115829178.0,C,T,0.018,0.067,0.009,1.0,0.9881260529070726,0.105,1:115829178,115829178,0.01773,0.06928
,1,,,,,,,,,,1:201735913,201735913,0.6662,0.01928
15.0,1,43761651.0,C,T,0.378,0.018,0.002,1.0,0.9938611060933089,0.129,1:43862158,43862158,0.4656,0.01739
15.0,1,43926305.0,T,C,0.454,0.017,0.002,1.0,0.9938611060933089,0.077,1:43862158,43862158,0.4656,0.01739
,1,,,,,,,,,,1:243181293,243181293,0.3,0.01885
,1,,,,,,,,,,1:38453576,38453576,0.2745,0.01924
,1,,,,,,,,,,1:201884288,201884288,0.3541,0.01751
,1,,,,,,,,,,1:172357441,172357441,0.4315,0.01614
,1,,,,,,,,,,1:7777962,7777962,0.5425,0.01593
7.0,1,11851927.0,C,T,0.044,0.038,0.006,4.0,0.9797729870684821,0.668,1:12023500,12023500,0.96479,0.04143
7.0,1,11908167.0,C,T,0.031,0.042,0.007,4.0,0.9797729870684821,0.331,1:12023500,12023500,0.96479,0.04143
15.0,1,43761651.0,C,T,0.378,0.018,0.002,1.0,0.9068823087209037,0.129,1:43761651,43761651,0.383,0.01579
15.0,1,43926305.0,T,C,0.454,0.017,0.002,1.0,0.9068823087209037,0.077,1:43761651,43761651,0.383,0.01579
,1,,,,,,,,,,1:243602390,243602390,0.646,0.01555
,1,,,,,,,,,,1:227355918,227355918,0.4351,0.01456
31.0,1,228119604.0,A,G,0.474,0.016,0.002,1.0,0.9097330822569916,0.103,1:228191075,228191075,0.4781,0.01455
,1,,,,,,,,,,1:51383369,51383369,0.98408,0.05721
19.0,1,67007389.0,G,A,0.495,0.017,0.002,1.0,0.8300221748591139,0.507,1:67115230,67115230,0.1556,0.01946
19.0,1,67010104.0,C,T,0.49,0.017,0.002,1.0,0.8300221748591139,0.458,1:67115230,67115230,0.1556,0.01946
,1,,,,,,,,,,1:234760600,234760600,0.5837,0.01418
15.0,1,43761651.0,C,T,0.378,0.018,0.002,1.0,0.8148340382020925,0.129,1:44062159,44062159,0.3771,0.01423
15.0,1,43926305.0,T,C,0.454,0.017,0.002,1.0,0.8148340382020925,0.077,1:44062159,44062159,0.3771,0.01423
,1,,,,,,,,,,1:79357360,79357360,0.7016,0.01499
,1,,,,,,,,,,1:226426337,226426337,0.6209,0.01407
35.0,1,249191706.0,G,A,0.773,0.019,0.003,1.0,0.9104043009869698,0.999,1:249191706,249191706,0.7614,0.017
,1,,,,,,,,,,1:51069102,51069102,0.1528,0.0189
9.0,1,25022314.0,G,A,0.246,0.015,0.003,1.0,0.9521600911866251,0.108,1:24891340,24891340,0.2134,0.01656
9.0,1,25040315.0,C,T,0.252,0.014,0.003,1.0,0.9521600911866251,0.039,1:24891340,24891340,0.2134,0.01656
,1,,,,,,,,,,1:183058452,183058452,0.2539,0.0155
22.0,1,115825531.0,G,A,0.36,0.018,0.002,2.0,0.7840166305561963,0.108,1:115697124,115697124,0.0171,0.05225
,1,,,,,,,,,,1:175143207,175143207,0.3846,0.01373
,1,,,,,,,,,,1:110232983,110232983,0.7306,0.01493
,1,,,,,,,,,,1:41486245,41486245,0.807,0.01679
,1,,,,,,,,,,1:38344941,38344941,0.5739,0.01339
69.0,2,182996099.0,G,C,0.795,0.018,0.003,1.0,0.5177825274243114,0.069,2:183211443,183211443,0.3507,0.02941
69.0,2,182996188.0,A,G,0.795,0.018,0.003,1.0,0.5177825274243114,0.087,2:183211443,183211443,0.3507,0.02941
41.0,2,26911745.0,C,T,0.382,0.027,0.002,1.0,0.9506863889061399,0.092,2:26916844,26916844,0.384,0.0248
41.0,2,26912079.0,C,A,0.382,0.027,0.002,1.0,0.9506863889061399,0.068,2:26916844,26916844,0.384,0.0248
41.0,2,26914364.0,C,T,0.384,0.027,0.002,1.0,0.9506863889061399,0.105,2:26916844,26916844,0.384,0.0248
41.0,2,26916844.0,C,G,0.384,0.027,0.002,1.0,0.9506863889061399,0.101,2:26916844,26916844,0.384,0.0248
41.0,2,26916969.0,C,T,0.384,0.027,0.002,1.0,0.9506863889061399,0.104,2:26916844,26916844,0.384,0.0248
41.0,2,26919089.0,C,T,0.384,0.027,0.002,1.0,0.9506863889061399,0.117,2:26916844,26916844,0.384,0.0248
41.0,2,26923095.0,C,T,0.384,0.027,0.002,1.0,0.9506863889061399,0.111,2:26916844,26916844,0.384,0.0248
41.0,2,26923568.0,T,C,0.384,0.027,0.002,1.0,0.9506863889061399,0.109,2:26916844,26916844,0.384,0.0248
41.0,2,26932031.0,C,T,0.391,0.026,0.002,1.0,0.9506863889061399,,2:26916844,26916844,0.384,0.0248
,2,,,,,,,,,,2:145720139,145720139,0.2504,0.02652
63.0,2,164902881.0,C,T,0.771,0.024,0.003,4.0,0.9017997206461844,,2:165083414,165083414,0.7273,0.02511
63.0,2,164903143.0,C,T,0.771,0.024,0.003,4.0,0.9017997206461844,,2:165083414,165083414,0.7273,0.02511
53.0,2,97283676.0,T,C,0.023,0.048,0.008,1.0,0.6696646653426318,,2:97015073,97015073,0.3371,0.02293
53.0,2,97526963.0,C,T,0.028,0.044,0.007,1.0,0.6696646653426318,,2:97015073,97015073,0.3371,0.02293
53.0,2,97528099.0,A,G,0.028,0.044,0.007,1.0,0.6696646653426318,,2:97015073,97015073,0.3371,0.02293
63.0,2,164902881.0,C,T,0.771,0.024,0.003,4.0,0.9513321309781746,,2:164963486,164963486,0.5457,0.02129
63.0,2,164903143.0,C,T,0.771,0.024,0.003,4.0,0.9513321309781746,,2:164963486,164963486,0.5457,0.02129
53.0,2,97283676.0,T,C,0.023,0.048,0.008,1.0,0.6886064883040263,,2:96581338,96581338,0.3067,0.02286
53.0,2,97526963.0,C,T,0.028,0.044,0.007,1.0,0.6886064883040263,,2:96581338,96581338,0.3067,0.02286
53.0,2,97528099.0,A,G,0.028,0.044,0.007,1.0,0.6886064883040263,,2:96581338,96581338,0.3067,0.02286
,2,,,,,,,,,,2:145820213,145820213,0.3349,0.02097
,2,,,,,,,,,,2:179721046,179721046,0.08865,0.03383
,2,,,,,,,,,,2:179506790,179506790,0.09171,0.03236
36.0,2,651407.0,T,C,0.878,0.024,0.003,1.0,0.8351416302660506,0.075,2:651407,651407,0.8486,0.02624
69.0,2,182996099.0,G,C,0.795,0.018,0.003,1.0,0.8068129305860343,0.069,2:183315823,183315823,0.6379,0.01874
69.0,2,182996188.0,A,G,0.795,0.018,0.003,1.0,0.8068129305860343,0.087,2:183315823,183315823,0.6379,0.01874
46.0,2,43165179.0,C,A,0.911,0.028,0.004,1.0,0.9418004133974673,0.096,2:43167878,43167878,0.90707,0.03076
46.0,2,43166683.0,G,A,0.911,0.028,0.004,1.0,0.9418004133974673,0.16,2:43167878,43167878,0.90707,0.03076
46.0,2,43167878.0,A,C,0.911,0.029,0.004,1.0,0.9418004133974673,0.241,2:43167878,43167878,0.90707,0.03076
46.0,2,43196694.0,A,T,0.914,0.03,0.004,1.0,0.9418004133974673,0.45,2:43167878,43167878,0.90707,0.03076
,2,,,,,,,,,,2:181930057,181930057,0.7197,0.01901
46.0,2,43165179.0,C,A,0.911,0.028,0.004,1.0,0.9918350779076397,0.096,2:43277806,43277806,0.238,0.01955
46.0,2,43166683.0,G,A,0.911,0.028,0.004,1.0,0.9918350779076397,0.16,2:43277806,43277806,0.238,0.01955
46.0,2,43167878.0,A,C,0.911,0.029,0.004,1.0,0.9918350779076397,0.241,2:43277806,43277806,0.238,0.01955
46.0,2,43196694.0,A,T,0.914,0.03,0.004,1.0,0.9918350779076397,0.45,2:43277806,43277806,0.238,0.01955
73.0,2,205077128.0,T,C,0.612,0.014,0.002,1.0,0.8633727914140649,0.057,2:205077128,205077128,0.6094,0.01704
73.0,2,205084439.0,C,T,0.645,0.015,0.002,1.0,0.8633727914140649,0.568,2:205077128,205077128,0.6094,0.01704
73.0,2,205089987.0,T,G,0.639,0.014,0.002,1.0,0.8633727914140649,0.115,2:205077128,205077128,0.6094,0.01704
73.0,2,205093360.0,G,T,0.63,0.014,0.002,1.0,0.8633727914140649,0.128,2:205077128,205077128,0.6094,0.01704
,2,,,,,,,,,,2:203673073,203673073,0.8711,0.02442
46.0,2,43165179.0,C,A,0.911,0.028,0.004,1.0,0.9864509637697134,0.096,2:43582074,43582074,0.5811,0.01651
46.0,2,43166683.0,G,A,0.911,0.028,0.004,1.0,0.9864509637697134,0.16,2:43582074,43582074,0.5811,0.01651
46.0,2,43167878.0,A,C,0.911,0.029,0.004,1.0,0.9864509637697134,0.241,2:43582074,43582074,0.5811,0.01651
46.0,2,43196694.0,A,T,0.914,0.03,0.004,1.0,0.9864509637697134,0.45,2:43582074,43582074,0.5811,0.01651
,2,,,,,,,,,,2:19511072,19511072,0.163,0.02206
,2,,,,,,,,,,2:145938702,145938702,0.8617,0.02352
,2,,,,,,,,,,2:172690265,172690265,0.7137,0.01761
,2,,,,,,,,,,2:112754828,112754828,0.7092,0.01745
,2,,,,,,,,,,2:191532789,191532789,0.6868,0.01691
46.0,2,43165179.0,C,A,0.911,0.028,0.004,1.0,0.9839390161200412,0.096,2:43431862,43431862,0.4962,0.01569
46.0,2,43166683.0,G,A,0.911,0.028,0.004,1.0,0.9839390161200412,0.16,2:43431862,43431862,0.4962,0.01569
46.0,2,43167878.0,A,C,0.911,0.029,0.004,1.0,0.9839390161200412,0.241,2:43431862,43431862,0.4962,0.01569
46.0,2,43196694.0,A,T,0.914,0.03,0.004,1.0,0.9839390161200412,0.45,2:43431862,43431862,0.4962,0.01569
,2,,,,,,,,,,2:171943820,171943820,0.3572,0.01626
,2,,,,,,,,,,2:191430741,191430741,0.8119,0.01986
,2,,,,,,,,,,2:159444272,159444272,0.7218,0.01715
45.0,2,37980859.0,G,C,0.703,0.015,0.003,1.0,0.9378177935653104,0.13,2:37993052,37993052,0.7188,0.01702
45.0,2,37982662.0,G,A,0.687,0.015,0.003,1.0,0.9378177935653104,0.167,2:37993052,37993052,0.7188,0.01702
45.0,2,37993052.0,A,G,0.721,0.016,0.003,1.0,0.9378177935653104,0.428,2:37993052,37993052,0.7188,0.01702
,2,,,,,,,,,,2:73571417,73571417,0.2899,0.01687
,2,,,,,,,,,,2:219563602,219563602,0.94895,0.03424
,2,,,,,,,,,,2:145504787,145504787,0.4216,0.01533
,2,,,,,,,,,,2:179395067,179395067,0.08961,0.0262
,2,,,,,,,,,,2:191644537,191644537,0.7207,0.01664
,2,,,,,,,,,,2:95931218,95931218,0.1804,0.01975
,2,,,,,,,,,,2:37192866,37192866,0.8061,0.01888
77.0,2,225930867.0,C,T,0.031,0.037,0.007,1.0,0.9176922257336686,0.207,2:225942022,225942022,0.4849,0.01487
77.0,2,225942369.0,C,T,0.051,0.031,0.005,1.0,0.9176922257336686,0.78,2:225942022,225942022,0.4849,0.01487
,2,,,,,,,,,,2:135755616,135755616,0.8637,0.0216
,2,,,,,,,,,,2:9328013,9328013,0.3782,0.01506
,2,,,,,,,,,,2:45887547,45887547,0.90242,0.0246
,2,,,,,,,,,,2:127257975,127257975,0.208,0.01797
76.0,2,218680529.0,T,G,0.42500000000000004,0.013,0.002,2.0,0.9392819084857432,0.127,2:218674697,218674697,0.3989,0.01488
76.0,2,218683154.0,A,G,0.395,0.014,0.002,2.0,0.9392819084857432,0.642,2:218674697,218674697,0.3989,0.01488
40.0,2,24240996.0,G,T,0.258,0.016,0.003,1.0,0.9582070868797399,0.102,2:25262928,25262928,0.90745,0.02521
40.0,2,24243127.0,T,C,0.33199999999999996,0.014,0.002,1.0,0.9582070868797399,0.056,2:25262928,25262928,0.90745,0.02521
38.0,2,19719060.0,A,C,0.499,0.019,0.002,1.0,0.7653211376228723,0.119,2:19707726,19707726,0.219,0.01758
38.0,2,19723238.0,A,C,0.499,0.019,0.002,1.0,0.7653211376228723,0.181,2:19707726,19707726,0.219,0.01758
38.0,2,19728861.0,T,G,0.499,0.019,0.002,1.0,0.7653211376228723,0.149,2:19707726,19707726,0.219,0.01758
38.0,2,19729795.0,C,A,0.499,0.019,0.002,1.0,0.7653211376228723,0.231,2:19707726,19707726,0.219,0.01758
38.0,2,19730845.0,A,G,0.499,0.019,0.002,1.0,0.7653211376228723,0.209,2:19707726,19707726,0.219,0.01758
53.0,2,97283676.0,T,C,0.023,0.048,0.008,1.0,0.998226640154548,,2:97500775,97500775,0.1805,0.01884
53.0,2,97526963.0,C,T,0.028,0.044,0.007,1.0,0.998226640154548,,2:97500775,97500775,0.1805,0.01884
53.0,2,97528099.0,A,G,0.028,0.044,0.007,1.0,0.998226640154548,,2:97500775,97500775,0.1805,0.01884
,2,,,,,,,,,,2:46353166,46353166,0.6647,0.01523
,2,,,,,,,,,,2:19084668,19084668,0.01819,0.05955
,2,,,,,,,,,,2:159569303,159569303,0.7645,0.01687
,2,,,,,,,,,,2:127157151,127157151,0.1643,0.01908
,2,,,,,,,,,,2:235792003,235792003,0.1126,0.02266
,2,,,,,,,,,,2:15418054,15418054,0.5436,0.01387
40.0,2,24240996.0,G,T,0.258,0.016,0.003,1.0,0.9959906402533176,0.102,2:25110289,25110289,0.90545,0.02383
40.0,2,24243127.0,T,C,0.33199999999999996,0.014,0.002,1.0,0.9959906402533176,0.056,2:25110289,25110289,0.90545,0.02383
,2,,,,,,,,,,2:73711911,73711911,0.3723,0.0142
47.0,2,56179284.0,G,A,0.466,0.015,0.002,2.0,0.9271226587795866,0.188,2:55809054,55809054,0.5235,0.01389
47.0,2,56181155.0,G,T,0.504,0.015,0.002,2.0,0.9271226587795866,0.73,2:55809054,55809054,0.5235,0.01389
,2,,,,,,,,,,2:36579992,36579992,0.5393,0.01376
,2,,,,,,,,,,2:176765594,176765594,0.02975,0.04102
69.0,2,182996099.0,G,C,0.795,0.018,0.003,1.0,0.9632481080009863,0.069,2:183102849,183102849,0.02332,0.04638
69.0,2,182996188.0,A,G,0.795,0.018,0.003,1.0,0.9632481080009863,0.087,2:183102849,183102849,0.02332,0.04638
,2,,,,,,,,,,2:55097549,55097549,0.5327,0.01378
,2,,,,,,,,,,2:174015168,174015168,0.5903,0.01375
,2,,,,,,,,,,2:128965249,128965249,0.7728,0.0161
,2,,,,,,,,,,2:44765861,44765861,0.7559,0.0157
,2,,,,,,,,,,2:230667848,230667848,0.8814,0.02086
74.0,2,208402750.0,T,C,0.461,0.014,0.002,1.0,0.9565956430595578,0.248,2:208402750,208402750,0.4611,0.01339
74.0,2,208409339.0,G,C,0.46,0.014,0.002,1.0,0.9565956430595578,0.175,2:208402750,208402750,0.4611,0.01339
74.0,2,208426257.0,G,A,0.461,0.014,0.002,1.0,0.9565956430595578,0.184,2:208402750,208402750,0.4611,0.01339
74.0,2,208429351.0,T,C,0.461,0.014,0.002,1.0,0.9565956430595578,0.189,2:208402750,208402750,0.4611,0.01339
74.0,2,208499512.0,G,A,0.326,0.015,0.002,1.0,0.9565956430595578,,2:208402750,208402750,0.4611,0.01339
74.0,2,208512382.0,G,A,0.326,0.015,0.002,1.0,0.9565956430595578,,2:208402750,208402750,0.4611,0.01339
,2,,,,,,,,,,2:15311954,15311954,0.5641,0.01347
,2,,,,,,,,,,2:179267654,179267654,0.06474,0.02717
63.0,2,165508389.0,C,T,0.594,0.013,0.002,3.0,0.9564011131691085,0.243,2:164459422,164459422,0.09599,0.02266
63.0,2,165513091.0,T,C,0.595,0.013,0.002,3.0,0.9564011131691085,0.291,2:164459422,164459422,0.09599,0.02266
63.0,2,165528624.0,G,T,0.608,0.013,0.002,3.0,0.9564011131691085,0.207,2:164459422,164459422,0.09599,0.02266
63.0,2,165528876.0,C,T,0.608,0.013,0.002,3.0,0.9564011131691085,0.177,2:164459422,164459422,0.09599,0.02266
,2,,,,,,,,,,2:37880919,37880919,0.1892,0.01705
,2,,,,,,,,,,2:190684782,190684782,0.2069,0.01638
,2,,,,,,,,,,2:73383375,73383375,0.3451,0.01396
,2,,,,,,,,,,2:146140132,146140132,0.5384,0.0133
,2,,,,,,,,,,2:69088302,69088302,0.3727,0.0137
,2,,,,,,,,,,2:145616899,145616899,0.06987,0.02591
,2,,,,,,,,,,2:135616200,135616200,0.8271,0.01752
99.0,3,169091569.0,A,T,0.447,0.023,0.002,1.0,0.7911109870197938,0.143,3:169171347,169171347,0.4631,0.02911
99.0,3,169096900.0,C,T,0.447,0.023,0.002,1.0,0.7911109870197938,0.144,3:169171347,169171347,0.4631,0.02911
99.0,3,169100443.0,G,A,0.473,0.023,0.002,1.0,0.7911109870197938,0.145,3:169171347,169171347,0.4631,0.02911
99.0,3,169100755.0,C,T,0.473,0.023,0.002,1.0,0.7911109870197938,0.145,3:169171347,169171347,0.4631,0.02911
99.0,3,169100886.0,T,C,0.473,0.023,0.002,1.0,0.7911109870197938,0.157,3:169171347,169171347,0.4631,0.02911
99.0,3,169100899.0,G,A,0.473,0.023,0.002,1.0,0.7911109870197938,0.117,3:169171347,169171347,0.4631,0.02911
,3,,,,,,,,,,3:42012719,42012719,0.1613,0.0354
86.0,3,49631221.0,G,T,0.758,0.018,0.003,3.0,0.6843603592640005,0.162,3:49881134,49881134,0.5012,0.02253
,3,,,,,,,,,,3:57765862,57765862,0.4308,0.01964
86.0,3,49631221.0,G,T,0.758,0.018,0.003,3.0,0.8063192627490368,0.162,3:48360992,48360992,0.6854,0.02059
86.0,3,49631221.0,G,T,0.758,0.018,0.003,3.0,0.815500567271163,0.162,3:50064424,50064424,0.5337,0.01895
86.0,3,49631221.0,G,T,0.758,0.018,0.003,3.0,0.8200574036555994,0.162,3:48182326,48182326,0.6685,0.01997
,3,,,,,,,,,,3:14889756,14889756,0.2682,0.02101
,3,,,,,,,,,,3:158193136,158193136,0.2631,0.01939
99.0,3,168785191.0,T,C,0.924,0.028,0.004,2.0,0.9421604983424855,,3:168846701,168846701,0.6055,0.01716
99.0,3,168814206.0,G,A,0.927,0.03,0.005,2.0,0.9421604983424855,,3:168846701,168846701,0.6055,0.01716
99.0,3,168830777.0,G,A,0.926,0.03,0.004,2.0,0.9421604983424855,,3:168846701,168846701,0.6055,0.01716
99.0,3,168832835.0,C,T,0.927,0.029,0.005,2.0,0.9421604983424855,,3:168846701,168846701,0.6055,0.01716
99.0,3,168836505.0,G,T,0.926,0.03,0.005,2.0,0.9421604983424855,,3:168846701,168846701,0.6055,0.01716
99.0,3,168840179.0,A,G,0.927,0.029,0.005,2.0,0.9421604983424855,,3:168846701,168846701,0.6055,0.01716
99.0,3,168842429.0,G,T,0.926,0.03,0.005,2.0,0.9421604983424855,,3:168846701,168846701,0.6055,0.01716
99.0,3,168850355.0,C,T,0.925,0.03,0.004,2.0,0.9421604983424855,,3:168846701,168846701,0.6055,0.01716
86.0,3,49631221.0,G,T,0.758,0.018,0.003,3.0,0.9224731163502127,0.162,3:48947188,48947188,0.08988,0.02922
99.0,3,168785191.0,T,C,0.924,0.028,0.004,2.0,0.9593993951328494,,3:169295764,169295764,0.705,0.01806
99.0,3,168814206.0,G,A,0.927,0.03,0.005,2.0,0.9593993951328494,,3:169295764,169295764,0.705,0.01806
99.0,3,168830777.0,G,A,0.926,0.03,0.004,2.0,0.9593993951328494,,3:169295764,169295764,0.705,0.01806
99.0,3,168832835.0,C,T,0.927,0.029,0.005,2.0,0.9593993951328494,,3:169295764,169295764,0.705,0.01806
99.0,3,168836505.0,G,T,0.926,0.03,0.005,2.0,0.9593993951328494,,3:169295764,169295764,0.705,0.01806
99.0,3,168840179.0,A,G,0.927,0.029,0.005,2.0,0.9593993951328494,,3:169295764,169295764,0.705,0.01806
99.0,3,168842429.0,G,T,0.926,0.03,0.005,2.0,0.9593993951328494,,3:169295764,169295764,0.705,0.01806
99.0,3,168850355.0,C,T,0.925,0.03,0.004,2.0,0.9593993951328494,,3:169295764,169295764,0.705,0.01806
86.0,3,49631221.0,G,T,0.758,0.018,0.003,3.0,0.973070204809594,0.162,3:48009467,48009467,0.09906,0.02652
,3,,,,,,,,,,3:7489611,7489611,0.4859,0.01591
86.0,3,49631221.0,G,T,0.758,0.018,0.003,3.0,0.9769324365521651,0.162,3:47693664,47693664,0.0955,0.02685
99.0,3,168785191.0,T,C,0.924,0.028,0.004,2.0,0.9832819148580819,,3:168707390,168707390,0.82,0.01997
99.0,3,168814206.0,G,A,0.927,0.03,0.005,2.0,0.9832819148580819,,3:168707390,168707390,0.82,0.01997
99.0,3,168830777.0,G,A,0.926,0.03,0.004,2.0,0.9832819148580819,,3:168707390,168707390,0.82,0.01997
99.0,3,168832835.0,C,T,0.927,0.029,0.005,2.0,0.9832819148580819,,3:168707390,168707390,0.82,0.01997
99.0,3,168836505.0,G,T,0.926,0.03,0.005,2.0,0.9832819148580819,,3:168707390,168707390,0.82,0.01997
99.0,3,168840179.0,A,G,0.927,0.029,0.005,2.0,0.9832819148580819,,3:168707390,168707390,0.82,0.01997
99.0,3,168842429.0,G,T,0.926,0.03,0.005,2.0,0.9832819148580819,,3:168707390,168707390,0.82,0.01997
99.0,3,168850355.0,C,T,0.925,0.03,0.004,2.0,0.9832819148580819,,3:168707390,168707390,0.82,0.01997
,3,,,,,,,,,,3:133959950,133959950,0.5159,0.01534
,3,,,,,,,,,,3:57519194,57519194,0.3383,0.01607
,3,,,,,,,,,,3:185348351,185348351,0.3853,0.01567
94.0,3,124561848.0,C,T,0.591,0.017,0.002,1.0,0.9070859170724045,0.061,3:124557643,124557643,0.5818,0.01537
,3,,,,,,,,,,3:141066886,141066886,0.06098,0.03068
,3,,,,,,,,,,3:134077470,134077470,0.3547,0.0152
86.0,3,48188261.0,T,C,0.663,0.015,0.002,2.0,0.9706507539629109,,3:48731450,48731450,0.05137,0.03309
,3,,,,,,,,,,3:154660134,154660134,0.8869,0.02263
,3,,,,,,,,,,3:71203369,71203369,0.5389,0.01429
83.0,3,27562988.0,C,T,0.452,0.021,0.002,1.0,0.6720444564891549,0.937,3:27470734,27470734,0.0433,0.03451
100.0,3,183435713.0,G,A,0.531,0.015,0.002,1.0,0.9292157780443508,,3:183435713,183435713,0.532,0.01394
,3,,,,,,,,,,3:47506230,47506230,0.1008,0.02337
,3,,,,,,,,,,3:29374219,29374219,0.8252,0.01819
99.0,3,169480204.0,A,G,0.735,0.015,0.003,5.0,0.9646399536768095,0.193,3:169040166,169040166,0.2365,0.01615
99.0,3,169481271.0,C,G,0.735,0.015,0.003,5.0,0.9646399536768095,0.282,3:169040166,169040166,0.2365,0.01615
,3,,,,,,,,,,3:41306063,41306063,0.5271,0.01355
,3,,,,,,,,,,3:70724371,70724371,0.96539,0.03879
,3,,,,,,,,,,3:62113061,62113061,0.08426,0.02424
88.0,3,53545622.0,T,C,0.476,0.011,0.002,1.0,0.8601586833871386,,3:53553923,53553923,0.7304,0.01532
88.0,3,53553923.0,G,T,0.736,0.018,0.003,1.0,0.8601586833871386,0.378,3:53553923,53553923,0.7304,0.01532
88.0,3,53558012.0,G,A,0.684,0.017,0.003,1.0,0.8601586833871386,0.578,3:53553923,53553923,0.7304,0.01532
,3,,,,,,,,,,3:57393243,57393243,0.7406,0.01516
86.0,3,48188261.0,T,C,0.663,0.015,0.002,2.0,0.937276257684366,,3:48600145,48600145,0.95937,0.03366
83.0,3,27562988.0,C,T,0.452,0.021,0.002,1.0,0.6354273569900953,0.937,3:27281146,27281146,0.05351,0.02951
,3,,,,,,,,,,3:57646329,57646329,0.7933,0.01629
113.0,4,81167309.0,C,T,0.29,0.038,0.003,1.0,0.9482336638305539,0.172,4:81174592,81174592,0.2932,0.03588
113.0,4,81169912.0,G,T,0.291,0.038,0.003,1.0,0.9482336638305539,0.194,4:81174592,81174592,0.2932,0.03588
113.0,4,81174592.0,G,A,0.291,0.038,0.003,1.0,0.9482336638305539,0.28,4:81174592,81174592,0.2932,0.03588
113.0,4,81181072.0,A,T,0.289,0.038,0.003,1.0,0.9482336638305539,0.114,4:81174592,81174592,0.2932,0.03588
113.0,4,81182554.0,T,C,0.291,0.038,0.003,1.0,0.9482336638305539,0.106,4:81174592,81174592,0.2932,0.03588
113.0,4,81184341.0,A,T,0.292,0.038,0.003,1.0,0.9482336638305539,0.103,4:81174592,81174592,0.2932,0.03588
118.0,4,103188709.0,C,T,0.925,0.036,0.004,1.0,0.6798019321431493,0.995,4:103188709,103188709,0.92544,0.0531
118.0,4,103188709.0,C,T,0.925,0.036,0.004,1.0,0.776394524020668,0.995,4:103001649,103001649,0.94006,0.05145
111.0,4,54799245.0,T,C,0.896,0.027,0.004,1.0,0.8723148168286448,0.133,4:54801228,54801228,0.104,0.03163
111.0,4,54801549.0,A,G,0.907,0.029,0.004,1.0,0.8723148168286448,0.754,4:54801228,54801228,0.104,0.03163
118.0,4,103188709.0,C,T,0.925,0.036,0.004,1.0,0.9421571178587383,0.995,4:102896591,102896591,0.92795,0.03455
,4,,,,,,,,,,4:120532401,120532401,0.4783,0.01692
,4,,,,,,,,,,4:56463775,56463775,0.7123,0.01871
,4,,,,,,,,,,4:25408838,25408838,0.7681,0.01967
126.0,4,156634946.0,C,G,0.638,0.017,0.002,2.0,0.9934517012574381,0.069,4:156639846,156639846,0.6407,0.01714
126.0,4,156639846.0,A,G,0.64,0.017,0.002,2.0,0.9934517012574381,0.117,4:156639846,156639846,0.6407,0.01714
126.0,4,156641047.0,G,A,0.64,0.017,0.002,2.0,0.9934517012574381,0.109,4:156639846,156639846,0.6407,0.01714
106.0,4,17877487.0,A,G,0.137,0.021,0.003,1.0,0.8497345282979685,,4:18025730,18025730,0.1739,0.02242
120.0,4,111431444.0,G,A,0.012,0.069,0.011,2.0,0.9443291841410936,0.991,4:111338277,111338277,0.2,0.01989
126.0,4,156634946.0,C,G,0.638,0.017,0.002,2.0,0.9784722331965108,0.069,4:156512112,156512112,0.8495,0.02233
126.0,4,156639846.0,A,G,0.64,0.017,0.002,2.0,0.9784722331965108,0.117,4:156512112,156512112,0.8495,0.02233
126.0,4,156641047.0,G,A,0.64,0.017,0.002,2.0,0.9784722331965108,0.109,4:156512112,156512112,0.8495,0.02233
,4,,,,,,,,,,4:103769304,103769304,0.6694,0.01631
123.0,4,143854308.0,G,A,0.005,0.085,0.016,2.0,0.8260697676570475,0.227,4:143785362,143785362,0.3571,0.01586
123.0,4,143876049.0,C,T,0.005,0.089,0.016,2.0,0.8260697676570475,0.596,4:143785362,143785362,0.3571,0.01586
119.0,4,106910958.0,C,T,0.76,0.021,0.003,1.0,0.8342844405642676,0.523,4:106910958,106910958,0.7596,0.01751
119.0,4,106911742.0,G,C,0.76,0.021,0.003,1.0,0.8342844405642676,0.477,4:106910958,106910958,0.7596,0.01751
,4,,,,,,,,,,4:56279875,56279875,0.7289,0.01674
107.0,4,26806736.0,C,T,0.402,0.011,0.002,1.0,0.8245550035004697,,4:26815441,26815441,0.652,0.01498
107.0,4,26808829.0,C,T,0.399,0.011,0.002,1.0,0.8245550035004697,,4:26815441,26815441,0.652,0.01498
107.0,4,26812737.0,C,T,0.402,0.012,0.002,1.0,0.8245550035004697,,4:26815441,26815441,0.652,0.01498
125.0,4,150185467.0,T,A,0.2,0.016,0.003,1.0,0.9145835098602917,0.26,4:150202672,150202672,0.2026,0.01741
125.0,4,150202672.0,C,T,0.2,0.016,0.003,1.0,0.9145835098602917,0.142,4:150202672,150202672,0.2026,0.01741
117.0,4,100239319.0,T,C,0.973,0.074,0.008,1.0,0.5761240956928377,1.0,4:100176759,100176759,0.3837,0.01421
123.0,4,143854308.0,G,A,0.005,0.085,0.016,2.0,0.924959819397473,0.227,4:144085327,144085327,0.5154,0.01358
123.0,4,143876049.0,C,T,0.005,0.089,0.016,2.0,0.924959819397473,0.596,4:144085327,144085327,0.5154,0.01358
,4,,,,,,,,,,4:54595141,54595141,0.7988,0.01657
123.0,4,143854308.0,G,A,0.005,0.085,0.016,2.0,0.9508807626499423,0.227,4:143634746,143634746,0.3705,0.01367
123.0,4,143876049.0,C,T,0.005,0.089,0.016,2.0,0.9508807626499423,0.596,4:143634746,143634746,0.3705,0.01367
130.0,5,32713108.0,G,C,0.607,0.032,0.002,3.0,0.9935763484529401,0.318,5:32829975,32829975,0.5966,0.03164
130.0,5,32713327.0,T,C,0.607,0.032,0.002,3.0,0.9935763484529401,0.174,5:32829975,32829975,0.5966,0.03164
130.0,5,32713836.0,A,G,0.608,0.032,0.002,3.0,0.9935763484529401,0.19,5:32829975,32829975,0.5966,0.03164
130.0,5,32714270.0,C,G,0.608,0.032,0.002,3.0,0.9935763484529401,0.18,5:32829975,32829975,0.5966,0.03164
146.0,5,122470209.0,C,T,0.384,0.022,0.002,1.0,0.9399903394182773,0.247,5:122921103,122921103,0.3197,0.02442
146.0,5,122471989.0,T,C,0.385,0.022,0.002,1.0,0.9399903394182773,0.259,5:122921103,122921103,0.3197,0.02442
146.0,5,122475437.0,T,C,0.384,0.022,0.002,1.0,0.9399903394182773,0.131,5:122921103,122921103,0.3197,0.02442
146.0,5,122475438.0,G,A,0.384,0.022,0.002,1.0,0.9399903394182773,0.166,5:122921103,122921103,0.3197,0.02442
146.0,5,122501864.0,A,G,0.383,0.022,0.002,1.0,0.9399903394182773,0.191,5:122921103,122921103,0.3197,0.02442
146.0,5,122470209.0,C,T,0.384,0.022,0.002,1.0,0.9418336387931232,0.247,5:122653399,122653399,0.4713,0.02277
146.0,5,122471989.0,T,C,0.385,0.022,0.002,1.0,0.9418336387931232,0.259,5:122653399,122653399,0.4713,0.02277
146.0,5,122475437.0,T,C,0.384,0.022,0.002,1.0,0.9418336387931232,0.131,5:122653399,122653399,0.4713,0.02277
146.0,5,122475438.0,G,A,0.384,0.022,0.002,1.0,0.9418336387931232,0.166,5:122653399,122653399,0.4713,0.02277
146.0,5,122501864.0,A,G,0.383,0.022,0.002,1.0,0.9418336387931232,0.191,5:122653399,122653399,0.4713,0.02277
,5,,,,,,,,,,5:173356752,173356752,0.6983,0.0239
,5,,,,,,,,,,5:61592576,61592576,0.07995,0.03834
130.0,5,32713108.0,G,C,0.607,0.032,0.002,3.0,0.6368495529132566,0.318,5:32713108,32713108,0.607,0.02037
130.0,5,32713327.0,T,C,0.607,0.032,0.002,3.0,0.6368495529132566,0.174,5:32713108,32713108,0.607,0.02037
130.0,5,32713836.0,A,G,0.608,0.032,0.002,3.0,0.6368495529132566,0.19,5:32713108,32713108,0.607,0.02037
130.0,5,32714270.0,C,G,0.608,0.032,0.002,3.0,0.6368495529132566,0.18,5:32713108,32713108,0.607,0.02037
149.0,5,158271680.0,T,C,0.255,0.022,0.003,1.0,0.992341548901518,,5:158482827,158482827,0.5647,0.01832
149.0,5,158279638.0,G,A,0.255,0.021,0.003,1.0,0.992341548901518,,5:158482827,158482827,0.5647,0.01832
148.0,5,148048038.0,T,C,0.775,0.015,0.003,2.0,0.6915565207146039,0.096,5:148400245,148400245,0.5561,0.01823
148.0,5,148048215.0,C,T,0.775,0.015,0.003,2.0,0.6915565207146039,0.117,5:148400245,148400245,0.5561,0.01823
148.0,5,148049239.0,C,T,0.775,0.015,0.003,2.0,0.6915565207146039,0.106,5:148400245,148400245,0.5561,0.01823
148.0,5,148052256.0,C,T,0.775,0.015,0.003,2.0,0.6915565207146039,0.109,5:148400245,148400245,0.5561,0.01823
148.0,5,148098444.0,G,T,0.768,0.014,0.003,2.0,0.6915565207146039,0.128,5:148400245,148400245,0.5561,0.01823
,5,,,,,,,,,,5:61486338,61486338,0.06035,0.03772
140.0,5,87497612.0,T,C,0.827,0.024,0.003,1.0,0.9589976380685834,0.039,5:87986314,87986314,0.1352,0.02546
147.0,5,127859574.0,G,T,0.304,0.02,0.003,1.0,0.9378947604642646,,5:127815453,127815453,0.4169,0.0175
146.0,5,122470209.0,C,T,0.384,0.022,0.002,1.0,0.7824705329322955,0.247,5:123141745,123141745,0.8206,0.02181
146.0,5,122471989.0,T,C,0.385,0.022,0.002,1.0,0.7824705329322955,0.259,5:123141745,123141745,0.8206,0.02181
146.0,5,122475437.0,T,C,0.384,0.022,0.002,1.0,0.7824705329322955,0.131,5:123141745,123141745,0.8206,0.02181
146.0,5,122475438.0,G,A,0.384,0.022,0.002,1.0,0.7824705329322955,0.166,5:123141745,123141745,0.8206,0.02181
146.0,5,122501864.0,A,G,0.383,0.022,0.002,1.0,0.7824705329322955,0.191,5:123141745,123141745,0.8206,0.02181
146.0,5,122470209.0,C,T,0.384,0.022,0.002,1.0,0.7931330894072095,0.247,5:122482973,122482973,0.1532,0.02355
146.0,5,122471989.0,T,C,0.385,0.022,0.002,1.0,0.7931330894072095,0.259,5:122482973,122482973,0.1532,0.02355
146.0,5,122475437.0,T,C,0.384,0.022,0.002,1.0,0.7931330894072095,0.131,5:122482973,122482973,0.1532,0.02355
146.0,5,122475438.0,G,A,0.384,0.022,0.002,1.0,0.7931330894072095,0.166,5:122482973,122482973,0.1532,0.02355
146.0,5,122501864.0,A,G,0.383,0.022,0.002,1.0,0.7931330894072095,0.191,5:122482973,122482973,0.1532,0.02355
140.0,5,87497612.0,T,C,0.827,0.024,0.003,1.0,0.89896559873785,0.039,5:87497612,87497612,0.8295,0.0217
,5,,,,,,,,,,5:96227278,96227278,0.4529,0.01624
140.0,5,87497612.0,T,C,0.827,0.024,0.003,1.0,0.8859114456352674,0.039,5:87290838,87290838,0.8234,0.02109
149.0,5,157927591.0,G,T,0.348,0.017,0.002,2.0,0.9850028228111788,0.027,5:157932823,157932823,0.616,0.0164
149.0,5,157931833.0,T,C,0.348,0.017,0.002,2.0,0.9850028228111788,0.046,5:157932823,157932823,0.616,0.0164
149.0,5,157927591.0,G,T,0.348,0.017,0.002,2.0,0.9662943366293222,0.027,5:157803588,157803588,0.5732,0.01582
149.0,5,157931833.0,T,C,0.348,0.017,0.002,2.0,0.9662943366293222,0.046,5:157803588,157803588,0.5732,0.01582
140.0,5,87497612.0,T,C,0.827,0.024,0.003,1.0,0.8521247787689474,0.039,5:87393746,87393746,0.8192,0.0201
,5,,,,,,,,,,5:114370217,114370217,0.5013,0.0145
,5,,,,,,,,,,5:61319964,61319964,0.04733,0.03481
,5,,,,,,,,,,5:172196711,172196711,0.9504,0.03339
,5,,,,,,,,,,5:107309348,107309348,0.8497,0.0202
148.0,5,148048038.0,T,C,0.775,0.015,0.003,2.0,0.8716654161795818,0.096,5:148524820,148524820,0.7364,0.01631
148.0,5,148048215.0,C,T,0.775,0.015,0.003,2.0,0.8716654161795818,0.117,5:148524820,148524820,0.7364,0.01631
148.0,5,148049239.0,C,T,0.775,0.015,0.003,2.0,0.8716654161795818,0.106,5:148524820,148524820,0.7364,0.01631
148.0,5,148052256.0,C,T,0.775,0.015,0.003,2.0,0.8716654161795818,0.109,5:148524820,148524820,0.7364,0.01631
148.0,5,148098444.0,G,T,0.768,0.014,0.003,2.0,0.8716654161795818,0.128,5:148524820,148524820,0.7364,0.01631
131.0,5,50818437.0,G,A,0.495,0.012,0.002,1.0,0.8589793331151548,,5:50888835,50888835,0.3525,0.01462
131.0,5,50856872.0,C,T,0.373,0.012,0.002,1.0,0.8589793331151548,,5:50888835,50888835,0.3525,0.01462
131.0,5,50857325.0,T,A,0.373,0.012,0.002,1.0,0.8589793331151548,,5:50888835,50888835,0.3525,0.01462
131.0,5,50876776.0,A,G,0.352,0.012,0.002,1.0,0.8589793331151548,,5:50888835,50888835,0.3525,0.01462
,5,,,,,,,,,,5:57754005,57754005,0.3638,0.01427
147.0,5,127859574.0,G,T,0.304,0.02,0.003,1.0,0.7440191943956738,,5:127711287,127711287,0.5867,0.0139
,5,,,,,,,,,,5:107045475,107045475,0.5862,0.01496
,5,,,,,,,,,,5:178692379,178692379,0.6999,0.01438
,6,,,,,,,,,,6:127098553,127098553,0.4484,0.02758
,6,,,,,,,,,,6:51838263,51838263,0.4841,0.01951
175.0,6,150997035.0,T,C,0.929,0.042,0.005,1.0,0.8845074470842991,0.031,6:151004770,151004770,0.92892,0.03713
175.0,6,150997401.0,C,T,0.929,0.042,0.005,1.0,0.8845074470842991,0.032,6:151004770,151004770,0.92892,0.03713
175.0,6,151002371.0,T,C,0.929,0.043,0.005,1.0,0.8845074470842991,0.073,6:151004770,151004770,0.92892,0.03713
175.0,6,151004770.0,G,C,0.929,0.043,0.005,1.0,0.8845074470842991,0.263,6:151004770,151004770,0.92892,0.03713
175.0,6,151008837.0,A,T,0.929,0.043,0.005,1.0,0.8845074470842991,0.161,6:151004770,151004770,0.92892,0.03713
,6,,,,,,,,,,6:121813835,121813835,0.02081,0.06795
,6,,,,,,,,,,6:126938446,126938446,0.2263,0.02266
,6,,,,,,,,,,6:79794858,79794858,0.3808,0.01903
,6,,,,,,,,,,6:109616218,109616218,0.4773,0.01778
,6,,,,,,,,,,6:79427089,79427089,0.3577,0.01828
,6,,,,,,,,,,6:152396945,152396945,0.8933,0.02708
,6,,,,,,,,,,6:98342192,98342192,0.1293,0.02422
,6,,,,,,,,,,6:51582136,51582136,0.1387,0.02258
,6,,,,,,,,,,6:51415907,51415907,0.394,0.01577
,6,,,,,,,,,,6:80837253,80837253,0.4675,0.01547
,6,,,,,,,,,,6:143618589,143618589,0.2631,0.01716
180.0,6,169633917.0,A,G,0.268,0.015,0.003,1.0,0.8777517683599277,0.542,6:169586887,169586887,0.2204,0.01826
180.0,6,169635205.0,T,G,0.263,0.015,0.003,1.0,0.8777517683599277,0.458,6:169586887,169586887,0.2204,0.01826
160.0,6,56068918.0,C,T,0.43899999999999995,0.015,0.002,1.0,0.9482814245427608,,6:55994438,55994438,0.90139,0.02633
174.0,6,147699123.0,C,A,0.42400000000000004,0.015,0.002,1.0,0.9977480761721411,,6:147591371,147591371,0.4025,0.01515
,6,,,,,,,,,,6:16710967,16710967,0.8689,0.02204
179.0,6,166180947.0,C,G,0.933,0.025,0.005,1.0,0.8548109811037666,,6:166185025,166185025,0.3755,0.0151
,6,,,,,,,,,,6:118579100,118579100,0.07701,0.02741
,6,,,,,,,,,,6:126735330,126735330,0.6861,0.01541
,6,,,,,,,,,,6:51999414,51999414,0.4579,0.01427
,6,,,,,,,,,,6:85629307,85629307,0.4135,0.01447
,6,,,,,,,,,,6:121696059,121696059,0.01701,0.05726
,6,,,,,,,,,,6:137696973,137696973,0.2072,0.01749
,6,,,,,,,,,,6:109507533,109507533,0.5605,0.0141
,6,,,,,,,,,,6:98173028,98173028,0.02441,0.04705
154.0,6,22123695.0,A,C,0.508,0.012,0.002,1.0,0.9979275457112439,,6:22700798,22700798,0.2563,0.01591
154.0,6,22134959.0,G,A,0.411,0.012,0.002,1.0,0.9979275457112439,,6:22700798,22700798,0.2563,0.01591
154.0,6,22136160.0,C,T,0.448,0.014,0.002,1.0,0.9979275457112439,,6:22700798,22700798,0.2563,0.01591
154.0,6,22136262.0,G,C,0.447,0.014,0.002,1.0,0.9979275457112439,,6:22700798,22700798,0.2563,0.01591
154.0,6,22123695.0,A,C,0.508,0.012,0.002,1.0,0.9866436526475328,,6:22140004,22140004,0.4768,0.01375
154.0,6,22134959.0,G,A,0.411,0.012,0.002,1.0,0.9866436526475328,,6:22140004,22140004,0.4768,0.01375
154.0,6,22136160.0,C,T,0.448,0.014,0.002,1.0,0.9866436526475328,,6:22140004,22140004,0.4768,0.01375
154.0,6,22136262.0,G,C,0.447,0.014,0.002,1.0,0.9866436526475328,,6:22140004,22140004,0.4768,0.01375
,6,,,,,,,,,,6:39186743,39186743,0.7252,0.01525
,6,,,,,,,,,,6:126594267,126594267,0.1186,0.021
,6,,,,,,,,,,6:121248799,121248799,0.01596,0.05549
,6,,,,,,,,,,6:145572680,145572680,0.96959,0.03933
178.0,6,161707111.0,T,A,0.20399999999999996,0.017,0.003,1.0,0.9787438505473345,0.238,6:161707111,161707111,0.2073,0.01654
178.0,6,161710690.0,G,A,0.18899999999999995,0.016,0.003,1.0,0.9787438505473345,0.102,6:161707111,161707111,0.2073,0.01654
178.0,6,161710713.0,A,G,0.18899999999999995,0.016,0.003,1.0,0.9787438505473345,0.084,6:161707111,161707111,0.2073,0.01654
,6,,,,,,,,,,6:143150043,143150043,0.746,0.01528
206.0,7,150704843.0,G,A,0.683,0.021,0.003,1.0,0.7796155938606953,1.0,7:150704843,150704843,0.6805,0.02688
,7,,,,,,,,,,7:89772484,89772484,0.4563,0.02093
,7,,,,,,,,,,7:129663496,129663496,0.6104,0.02079
188.0,7,27245996.0,C,T,0.926,0.046,0.004,1.0,0.8205095594394479,,7:27229119,27229119,0.9259,0.03772
188.0,7,27245997.0,A,T,0.926,0.046,0.004,1.0,0.8205095594394479,,7:27229119,27229119,0.9259,0.03772
,7,,,,,,,,,,7:35505204,35505204,0.2345,0.02328
207.0,7,151411494.0,G,T,0.282,0.021,0.003,1.0,0.9906384564879194,0.103,7:151413124,151413124,0.2826,0.02079
207.0,7,151413124.0,T,C,0.282,0.021,0.003,1.0,0.9906384564879194,0.357,7:151413124,151413124,0.2826,0.02079
207.0,7,151413194.0,T,C,0.282,0.021,0.003,1.0,0.9906384564879194,0.249,7:151413124,151413124,0.2826,0.02079
207.0,7,151414329.0,T,C,0.287,0.021,0.003,1.0,0.9906384564879194,0.162,7:151413124,151413124,0.2826,0.02079
,7,,,,,,,,,,7:100456595,100456595,0.1878,0.02344
181.0,7,1128011.0,G,C,0.97,0.05,0.007,1.0,0.9725155476418235,0.157,7:1195692,1195692,0.96853,0.05183
181.0,7,1141575.0,G,A,0.971,0.052,0.007,1.0,0.9725155476418235,0.248,7:1195692,1195692,0.96853,0.05183
181.0,7,1195692.0,A,G,0.968,0.05,0.007,1.0,0.9725155476418235,0.555,7:1195692,1195692,0.96853,0.05183
191.0,7,45987430.0,G,C,0.55,0.019,0.002,1.0,0.9584637966725924,0.28,7:46010100,46010100,0.4381,0.01826
191.0,7,46006323.0,C,T,0.544,0.019,0.002,1.0,0.9584637966725924,0.135,7:46010100,46010100,0.4381,0.01826
,7,,,,,,,,,,7:100321138,100321138,0.1167,0.02727
182.0,7,2529623.0,C,T,0.33399999999999996,0.018,0.002,1.0,0.979808790092696,0.95,7:2529623,2529623,0.3348,0.01836
,7,,,,,,,,,,7:25979194,25979194,0.4003,0.01763
203.0,7,130989335.0,T,G,0.54,0.02,0.002,1.0,0.8405637958738987,,7:131069461,131069461,0.4569,0.01682
181.0,7,1128011.0,G,C,0.97,0.05,0.007,1.0,0.994506604373799,0.157,7:989647,989647,0.97589,0.0553
181.0,7,1141575.0,G,A,0.971,0.052,0.007,1.0,0.994506604373799,0.248,7:989647,989647,0.97589,0.0553
181.0,7,1195692.0,A,G,0.968,0.05,0.007,1.0,0.994506604373799,0.555,7:989647,989647,0.97589,0.0553
,7,,,,,,,,,,7:96465530,96465530,0.5802,0.01664
206.0,7,150704843.0,G,A,0.683,0.021,0.003,1.0,0.8165533976576423,1.0,7:150598440,150598440,0.5663,0.0161
182.0,7,1989888.0,C,G,0.355,0.016,0.002,2.0,0.9663986921408682,0.095,7:1947342,1947342,0.365,0.01664
182.0,7,2015970.0,C,T,0.374,0.016,0.002,2.0,0.9663986921408682,0.126,7:1947342,1947342,0.365,0.01664
182.0,7,2018037.0,C,T,0.374,0.016,0.002,2.0,0.9663986921408682,0.157,7:1947342,1947342,0.365,0.01664
182.0,7,2018418.0,G,T,0.374,0.016,0.002,2.0,0.9663986921408682,0.132,7:1947342,1947342,0.365,0.01664
184.0,7,19049388.0,G,A,0.152,0.031,0.003,1.0,0.7023186263293104,0.715,7:19080344,19080344,0.8518,0.022
184.0,7,19052733.0,G,A,0.156,0.031,0.003,1.0,0.7023186263293104,0.285,7:19080344,19080344,0.8518,0.022
,7,,,,,,,,,,7:50914953,50914953,0.4934,0.01539
,7,,,,,,,,,,7:69639978,69639978,0.2586,0.01741
,7,,,,,,,,,,7:149152906,149152906,0.459,0.01498
195.0,7,75094545.0,A,C,0.563,0.016,0.002,1.0,0.9960657644338461,0.116,7:75094545,75094545,0.5622,0.01501
195.0,7,75144595.0,T,C,0.581,0.016,0.002,1.0,0.9960657644338461,0.011,7:75094545,75094545,0.5622,0.01501
195.0,7,75147124.0,T,C,0.564,0.016,0.002,1.0,0.9960657644338461,0.067,7:75094545,75094545,0.5622,0.01501
195.0,7,75147801.0,T,C,0.5740000000000001,0.015,0.002,1.0,0.9960657644338461,0.005,7:75094545,75094545,0.5622,0.01501
195.0,7,75148813.0,T,C,0.5800000000000001,0.016,0.002,1.0,0.9960657644338461,0.012,7:75094545,75094545,0.5622,0.01501
191.0,7,45987430.0,G,C,0.55,0.019,0.002,1.0,0.7897715048425114,0.28,7:46133130,46133130,0.7202,0.01663
191.0,7,46006323.0,C,T,0.544,0.019,0.002,1.0,0.7897715048425114,0.135,7:46133130,46133130,0.7202,0.01663
,7,,,,,,,,,,7:150210148,150210148,0.7664,0.01732
182.0,7,1989888.0,C,G,0.355,0.016,0.002,2.0,0.9517964233512638,0.095,7:2092885,2092885,0.3508,0.01527
182.0,7,2015970.0,C,T,0.374,0.016,0.002,2.0,0.9517964233512638,0.126,7:2092885,2092885,0.3508,0.01527
182.0,7,2018037.0,C,T,0.374,0.016,0.002,2.0,0.9517964233512638,0.157,7:2092885,2092885,0.3508,0.01527
182.0,7,2018418.0,G,T,0.374,0.016,0.002,2.0,0.9517964233512638,0.132,7:2092885,2092885,0.3508,0.01527
185.0,7,22154454.0,G,A,0.297,0.014,0.003,1.0,0.9378977339919704,0.327,7:22156538,22156538,0.3049,0.01592
185.0,7,22156538.0,C,G,0.3,0.015,0.003,1.0,0.9378977339919704,0.673,7:22156538,22156538,0.3049,0.01592
,7,,,,,,,,,,7:150310941,150310941,0.7715,0.0168
,7,,,,,,,,,,7:35085761,35085761,0.5402,0.01485
,7,,,,,,,,,,7:7289543,7289543,0.1266,0.02058
,7,,,,,,,,,,7:35757487,35757487,0.04279,0.03525
,7,,,,,,,,,,7:114351527,114351527,0.4227,0.01384
203.0,7,131350784.0,A,T,0.262,0.015,0.003,2.0,0.9692099395060769,0.093,7:131350784,131350784,0.2634,0.01545
203.0,7,131357912.0,C,G,0.262,0.015,0.003,2.0,0.9692099395060769,0.093,7:131350784,131350784,0.2634,0.01545
203.0,7,131361319.0,A,G,0.262,0.015,0.003,2.0,0.9692099395060769,0.115,7:131350784,131350784,0.2634,0.01545
,7,,,,,,,,,,7:25823647,25823647,0.8377,0.01853
,7,,,,,,,,,,7:99605861,99605861,0.3327,0.01432
,7,,,,,,,,,,7:74073590,74073590,0.1927,0.017
,7,,,,,,,,,,7:140240355,140240355,0.5056,0.01329
,7,,,,,,,,,,7:14375977,14375977,0.6799,0.01417
209.0,8,10637552.0,G,A,0.403,0.025,0.002,1.0,0.9482611625795294,0.184,8:10712945,10712945,0.4113,0.02628
209.0,8,10640065.0,C,G,0.403,0.025,0.002,1.0,0.9482611625795294,0.18,8:10712945,10712945,0.4113,0.02628
,8,,,,,,,,,,8:120456193,120456193,0.7318,0.02787
209.0,8,10637552.0,G,A,0.403,0.025,0.002,1.0,0.9820327559344413,0.184,8:10198534,10198534,0.425,0.02436
209.0,8,10640065.0,C,G,0.403,0.025,0.002,1.0,0.9820327559344413,0.18,8:10198534,10198534,0.425,0.02436
209.0,8,10637552.0,G,A,0.403,0.025,0.002,1.0,0.9646825016123604,0.184,8:8920269,8920269,0.4587,0.02374
209.0,8,10640065.0,C,G,0.403,0.025,0.002,1.0,0.9646825016123604,0.18,8:8920269,8920269,0.4587,0.02374
209.0,8,10637552.0,G,A,0.403,0.025,0.002,1.0,0.933312171485835,0.184,8:8721473,8721473,0.4489,0.02301
209.0,8,10640065.0,C,G,0.403,0.025,0.002,1.0,0.933312171485835,0.18,8:8721473,8721473,0.4489,0.02301
209.0,8,10637552.0,G,A,0.403,0.025,0.002,1.0,0.9213967166879631,0.184,8:10077241,10077241,0.5632,0.02278
209.0,8,10640065.0,C,G,0.403,0.025,0.002,1.0,0.9213967166879631,0.18,8:10077241,10077241,0.5632,0.02278
209.0,8,10637552.0,G,A,0.403,0.025,0.002,1.0,0.8834443215595982,0.184,8:8604423,8604423,0.5463,0.02176
209.0,8,10640065.0,C,G,0.403,0.025,0.002,1.0,0.8834443215595982,0.18,8:8604423,8604423,0.5463,0.02176
209.0,8,10637552.0,G,A,0.403,0.025,0.002,1.0,0.8451883429484368,0.184,8:8387095,8387095,0.4615,0.02079
209.0,8,10640065.0,C,G,0.403,0.025,0.002,1.0,0.8451883429484368,0.18,8:8387095,8387095,0.4615,0.02079
209.0,8,10637552.0,G,A,0.403,0.025,0.002,1.0,0.7904076826661204,0.184,8:8094870,8094870,0.4699,0.01942
209.0,8,10640065.0,C,G,0.403,0.025,0.002,1.0,0.7904076826661204,0.18,8:8094870,8094870,0.4699,0.01942
209.0,8,10637552.0,G,A,0.403,0.025,0.002,1.0,0.7655992974467988,0.184,8:8500724,8500724,0.4429,0.0189
209.0,8,10640065.0,C,G,0.403,0.025,0.002,1.0,0.7655992974467988,0.18,8:8500724,8500724,0.4429,0.0189
208.0,8,6360289.0,G,T,0.964,0.038,0.006,1.0,0.8162899779569363,0.981,8:6360289,6360289,0.9643,0.04674
,8,,,,,,,,,,8:144981488,144981488,0.95414,0.0412
,8,,,,,,,,,,8:1212030,1212030,0.6336,0.01673
,8,,,,,,,,,,8:81395746,81395746,0.7598,0.01808
,8,,,,,,,,,,8:96020877,96020877,0.1389,0.02204
,8,,,,,,,,,,8:142367246,142367246,0.95986,0.03889
211.0,8,25917406.0,G,A,0.085,0.015,0.004,2.0,0.5963831580531369,,8:25878995,25878995,0.7136,0.01658
211.0,8,25921960.0,T,A,0.095,0.011,0.004,2.0,0.5963831580531369,,8:25878995,25878995,0.7136,0.01658
211.0,8,25924029.0,C,T,0.276,0.01,0.003,2.0,0.5963831580531369,,8:25878995,25878995,0.7136,0.01658
227.0,8,144059713.0,T,C,0.457,0.015,0.002,1.0,0.9904324478326585,0.129,8:144059713,144059713,0.4596,0.01485
,8,,,,,,,,,,8:145562032,145562032,0.6257,0.01566
,8,,,,,,,,,,8:51938355,51938355,0.1704,0.01925
,8,,,,,,,,,,8:51673736,51673736,0.1937,0.01781
,8,,,,,,,,,,8:15041939,15041939,0.07208,0.02704
,8,,,,,,,,,,8:95909498,95909498,0.1649,0.01887
227.0,8,144059713.0,T,C,0.457,0.015,0.002,1.0,0.9283987553673285,0.129,8:143933652,143933652,0.4763,0.01389
,8,,,,,,,,,,8:143455701,143455701,0.6379,0.0143
,8,,,,,,,,,,8:17503125,17503125,0.4,0.01386
,8,,,,,,,,,,8:102750597,102750597,0.95603,0.0333
,8,,,,,,,,,,8:116948080,116948080,0.8369,0.01803
,8,,,,,,,,,,8:26024036,26024036,0.7353,0.01509
,9,,,,,,,,,,9:136149399,136149399,0.8146,0.02897
239.0,9,136522274.0,C,T,0.926,0.025,0.004,1.0,0.7006579428909346,0.709,9:136535677,136535677,0.92011,0.03445
239.0,9,136535677.0,G,A,0.927,0.024,0.004,1.0,0.7006579428909346,0.29,9:136535677,136535677,0.92011,0.03445
,9,,,,,,,,,,9:37127678,37127678,0.6486,0.01718
233.0,9,112348794.0,T,C,0.855,0.016,0.003,1.0,0.7532122286220647,,9:112357800,112357800,0.856,0.02257
233.0,9,112351266.0,C,T,0.856,0.017,0.003,1.0,0.7532122286220647,,9:112357800,112357800,0.856,0.02257
233.0,9,112358150.0,C,T,0.858,0.017,0.003,1.0,0.7532122286220647,,9:112357800,112357800,0.856,0.02257
233.0,9,112358656.0,A,G,0.858,0.017,0.003,1.0,0.7532122286220647,,9:112357800,112357800,0.856,0.02257
,9,,,,,,,,,,9:140205269,140205269,0.6641,0.01655
,9,,,,,,,,,,9:22048414,22048414,0.6282,0.01611
240.0,9,139517066.0,C,T,0.40900000000000003,0.014,0.002,1.0,0.8811324296340766,0.106,9:139520789,139520789,0.4058,0.01592
240.0,9,139518457.0,C,T,0.41100000000000003,0.014,0.002,1.0,0.8811324296340766,0.106,9:139520789,139520789,0.4058,0.01592
240.0,9,139518965.0,C,T,0.41000000000000003,0.014,0.002,1.0,0.8811324296340766,0.142,9:139520789,139520789,0.4058,0.01592
240.0,9,139519382.0,C,T,0.41000000000000003,0.014,0.002,1.0,0.8811324296340766,0.109,9:139520789,139520789,0.4058,0.01592
240.0,9,139519486.0,C,T,0.41000000000000003,0.014,0.002,1.0,0.8811324296340766,0.138,9:139520789,139520789,0.4058,0.01592
240.0,9,139519819.0,C,T,0.41100000000000003,0.014,0.002,1.0,0.8811324296340766,0.123,9:139520789,139520789,0.4058,0.01592
240.0,9,139520789.0,A,G,0.406,0.014,0.002,1.0,0.8811324296340766,0.16,9:139520789,139520789,0.4058,0.01592
240.0,9,139520897.0,A,C,0.406,0.014,0.002,1.0,0.8811324296340766,0.114,9:139520789,139520789,0.4058,0.01592
239.0,9,136522274.0,C,T,0.926,0.025,0.004,1.0,0.8352523164804398,0.709,9:136312119,136312119,0.95191,0.03662
239.0,9,136535677.0,G,A,0.927,0.024,0.004,1.0,0.8352523164804398,0.29,9:136312119,136312119,0.95191,0.03662
230.0,9,34416203.0,A,T,0.159,0.018,0.003,1.0,0.8570317588343658,0.14,9:34424947,34424947,0.23,0.01825
,9,,,,,,,,,,9:9343174,9343174,0.3548,0.01471
,9,,,,,,,,,,9:21811154,21811154,0.4433,0.01407
,9,,,,,,,,,,9:621779,621779,0.2309,0.01625
,9,,,,,,,,,,9:117156178,117156178,0.4835,0.01364
,9,,,,,,,,,,9:112519791,112519791,0.2326,0.01606
249.0,10,63499951.0,T,C,0.849,0.034,0.003,1.0,0.8907844415836532,0.137,10:63515681,63515681,0.8545,0.03977
249.0,10,63511306.0,G,A,0.855,0.035,0.003,1.0,0.8907844415836532,0.111,10:63515681,63515681,0.8545,0.03977
249.0,10,63515681.0,T,G,0.855,0.035,0.003,1.0,0.8907844415836532,0.15,10:63515681,63515681,0.8545,0.03977
249.0,10,63551773.0,G,A,0.86,0.036,0.003,1.0,0.8907844415836532,0.17,10:63515681,63515681,0.8545,0.03977
257.0,10,96014622.0,C,G,0.565,0.03,0.002,1.0,0.9101276844770123,0.14,10:96039597,96039597,0.5672,0.02732
257.0,10,96015793.0,C,G,0.565,0.03,0.002,1.0,0.9101276844770123,0.14,10:96039597,96039597,0.5672,0.02732
257.0,10,96023077.0,T,C,0.565,0.03,0.002,1.0,0.9101276844770123,0.199,10:96039597,96039597,0.5672,0.02732
257.0,10,96038686.0,G,A,0.565,0.03,0.002,1.0,0.9101276844770123,0.314,10:96039597,96039597,0.5672,0.02732
257.0,10,96039597.0,G,C,0.565,0.03,0.002,1.0,0.9101276844770123,0.206,10:96039597,96039597,0.5672,0.02732
243.0,10,18727959.0,C,G,0.7010000000000001,0.035,0.003,1.0,0.8405380724866606,1.0,10:18727959,18727959,0.7021,0.02945
261.0,10,115781527.0,T,C,0.721,0.023,0.003,3.0,0.7870730205716482,0.709,10:115781527,115781527,0.7218,0.02928
261.0,10,115781547.0,T,C,0.72,0.023,0.003,3.0,0.7870730205716482,0.291,10:115781527,115781527,0.7218,0.02928
259.0,10,104897901.0,T,C,0.923,0.057,0.004,1.0,0.7439042532789785,0.141,10:104897901,104897901,0.92362,0.04256
,10,,,,,,,,,,10:65338753,65338753,0.4743,0.0221
250.0,10,64533904.0,T,A,0.567,0.02,0.002,1.0,0.9169110766250675,0.172,10:64552607,64552607,0.5001,0.02168
250.0,10,64546164.0,A,G,0.567,0.02,0.002,1.0,0.9169110766250675,0.205,10:64552607,64552607,0.5001,0.02168
250.0,10,64564934.0,C,G,0.5549999999999999,0.02,0.002,1.0,0.9169110766250675,0.551,10:64552607,64552607,0.5001,0.02168
,10,,,,,,,,,,10:64988931,64988931,0.4969,0.02039
249.0,10,63499951.0,T,C,0.849,0.034,0.003,1.0,0.7912753669658203,0.137,10:63290276,63290276,0.3336,0.02043
249.0,10,63511306.0,G,A,0.855,0.035,0.003,1.0,0.7912753669658203,0.111,10:63290276,63290276,0.3336,0.02043
249.0,10,63515681.0,T,G,0.855,0.035,0.003,1.0,0.7912753669658203,0.15,10:63290276,63290276,0.3336,0.02043
249.0,10,63551773.0,G,A,0.86,0.036,0.003,1.0,0.7912753669658203,0.17,10:63290276,63290276,0.3336,0.02043
,10,,,,,,,,,,10:65091110,65091110,0.3125,0.02054
257.0,10,95893052.0,T,A,0.451,0.024,0.002,2.0,0.7719536375106649,0.15,10:96407796,96407796,0.3658,0.01914
257.0,10,95898827.0,G,A,0.45199999999999996,0.024,0.002,2.0,0.7719536375106649,0.129,10:96407796,96407796,0.3658,0.01914
257.0,10,95899646.0,G,C,0.45299999999999996,0.024,0.002,2.0,0.7719536375106649,0.238,10:96407796,96407796,0.3658,0.01914
257.0,10,95899933.0,C,T,0.45299999999999996,0.024,0.002,2.0,0.7719536375106649,0.201,10:96407796,96407796,0.3658,0.01914
243.0,10,18450581.0,G,C,0.416,0.019,0.002,2.0,0.985978138489048,0.153,10:18436515,18436515,0.4321,0.01864
243.0,10,18451836.0,A,G,0.414,0.02,0.002,2.0,0.985978138489048,0.219,10:18436515,18436515,0.4321,0.01864
243.0,10,18451969.0,A,C,0.416,0.019,0.002,2.0,0.985978138489048,0.153,10:18436515,18436515,0.4321,0.01864
243.0,10,18458081.0,A,G,0.428,0.019,0.002,2.0,0.985978138489048,0.022,10:18436515,18436515,0.4321,0.01864
243.0,10,18459147.0,T,C,0.428,0.019,0.002,2.0,0.985978138489048,0.019,10:18436515,18436515,0.4321,0.01864
258.0,10,102552663.0,G,A,0.89,0.034,0.004,1.0,0.8142984410751041,0.155,10:102604514,102604514,0.8956,0.02833
258.0,10,102552752.0,G,T,0.89,0.034,0.004,1.0,0.8142984410751041,0.233,10:102604514,102604514,0.8956,0.02833
257.0,10,95893052.0,T,A,0.451,0.024,0.002,2.0,0.704774433411762,0.15,10:95896716,95896716,0.417,0.01707
257.0,10,95898827.0,G,A,0.45199999999999996,0.024,0.002,2.0,0.704774433411762,0.129,10:95896716,95896716,0.417,0.01707
257.0,10,95899646.0,G,C,0.45299999999999996,0.024,0.002,2.0,0.704774433411762,0.238,10:95896716,95896716,0.417,0.01707
257.0,10,95899933.0,C,T,0.45299999999999996,0.024,0.002,2.0,0.704774433411762,0.201,10:95896716,95896716,0.417,0.01707
,10,,,,,,,,,,10:45286662,45286662,0.348,0.01706
,10,,,,,,,,,,10:121433675,121433675,0.7842,0.01924
257.0,10,95893052.0,T,A,0.451,0.024,0.002,2.0,0.6726912741608617,0.15,10:95743087,95743087,0.07468,0.03056
257.0,10,95898827.0,G,A,0.45199999999999996,0.024,0.002,2.0,0.6726912741608617,0.129,10:95743087,95743087,0.07468,0.03056
257.0,10,95899646.0,G,C,0.45299999999999996,0.024,0.002,2.0,0.6726912741608617,0.238,10:95743087,95743087,0.07468,0.03056
257.0,10,95899933.0,C,T,0.45299999999999996,0.024,0.002,2.0,0.6726912741608617,0.201,10:95743087,95743087,0.07468,0.03056
,10,,,,,,,,,,10:102075479,102075479,0.169,0.02079
244.0,10,21764469.0,C,A,0.534,0.015,0.002,1.0,0.9794058317526213,,10:21983960,21983960,0.297,0.01672
244.0,10,21764469.0,C,A,0.534,0.015,0.002,1.0,0.9817007319158876,,10:21830104,21830104,0.3308,0.0162
261.0,10,115723678.0,C,G,0.045,0.035,0.006,2.0,0.9539611671669778,0.06,10:115914293,115914293,0.07453,0.02896
261.0,10,115723772.0,A,G,0.045,0.035,0.006,2.0,0.9539611671669778,0.064,10:115914293,115914293,0.07453,0.02896
261.0,10,115725280.0,A,G,0.045,0.035,0.006,2.0,0.9539611671669778,0.075,10:115914293,115914293,0.07453,0.02896
,10,,,,,,,,,,10:30317073,30317073,0.6551,0.0163
249.0,10,63499951.0,T,C,0.849,0.034,0.003,1.0,0.6213284591737098,0.137,10:63398105,63398105,0.5829,0.01534
249.0,10,63511306.0,G,A,0.855,0.035,0.003,1.0,0.6213284591737098,0.111,10:63398105,63398105,0.5829,0.01534
249.0,10,63515681.0,T,G,0.855,0.035,0.003,1.0,0.6213284591737098,0.15,10:63398105,63398105,0.5829,0.01534
249.0,10,63551773.0,G,A,0.86,0.036,0.003,1.0,0.6213284591737098,0.17,10:63398105,63398105,0.5829,0.01534
246.0,10,48411796.0,G,T,0.885,0.021,0.004,1.0,0.8936594951561971,0.997,10:48411796,48411796,0.8849,0.02349
257.0,10,95893052.0,T,A,0.451,0.024,0.002,2.0,0.6238242108042985,0.15,10:96875209,96875209,0.09448,0.02547
257.0,10,95898827.0,G,A,0.45199999999999996,0.024,0.002,2.0,0.6238242108042985,0.129,10:96875209,96875209,0.09448,0.02547
257.0,10,95899646.0,G,C,0.45299999999999996,0.024,0.002,2.0,0.6238242108042985,0.238,10:96875209,96875209,0.09448,0.02547
257.0,10,95899933.0,C,T,0.45299999999999996,0.024,0.002,2.0,0.6238242108042985,0.201,10:96875209,96875209,0.09448,0.02547
,10,,,,,,,,,,10:31892438,31892438,0.91994,0.02778
257.0,10,95893052.0,T,A,0.451,0.024,0.002,2.0,0.6147307423181522,0.15,10:97021876,97021876,0.1001,0.02446
257.0,10,95898827.0,G,A,0.45199999999999996,0.024,0.002,2.0,0.6147307423181522,0.129,10:97021876,97021876,0.1001,0.02446
257.0,10,95899646.0,G,C,0.45299999999999996,0.024,0.002,2.0,0.6147307423181522,0.238,10:97021876,97021876,0.1001,0.02446
257.0,10,95899933.0,C,T,0.45299999999999996,0.024,0.002,2.0,0.6147307423181522,0.201,10:97021876,97021876,0.1001,0.02446
250.0,10,64533904.0,T,A,0.567,0.02,0.002,1.0,0.7258443659464501,0.172,10:64449879,64449879,0.5945,0.01465
250.0,10,64546164.0,A,G,0.567,0.02,0.002,1.0,0.7258443659464501,0.205,10:64449879,64449879,0.5945,0.01465
250.0,10,64564934.0,C,G,0.5549999999999999,0.02,0.002,1.0,0.7258443659464501,0.551,10:64449879,64449879,0.5945,0.01465
,10,,,,,,,,,,10:31398616,31398616,0.93752,0.02958
,10,,,,,,,,,,10:4109601,4109601,0.93793,0.02924
,10,,,,,,,,,,10:102319021,102319021,0.8879,0.02212
243.0,10,18334521.0,A,G,0.29200000000000004,0.013,0.003,3.0,0.9323073705828142,,10:18892125,18892125,0.3978,0.01395
243.0,10,18336421.0,T,C,0.29200000000000004,0.014,0.003,3.0,0.9323073705828142,,10:18892125,18892125,0.3978,0.01395
243.0,10,18338571.0,A,G,0.29400000000000004,0.013,0.003,3.0,0.9323073705828142,,10:18892125,18892125,0.3978,0.01395
243.0,10,18348030.0,T,G,0.28900000000000003,0.014,0.003,3.0,0.9323073705828142,,10:18892125,18892125,0.3978,0.01395
,10,,,,,,,,,,10:45931478,45931478,0.1883,0.01747
,10,,,,,,,,,,10:46233562,46233562,0.1222,0.02197
289.0,11,100585807.0,T,C,0.728,0.036,0.003,1.0,0.946314520875986,0.374,11:100593538,100593538,0.7149,0.03754
289.0,11,100593538.0,G,C,0.717,0.035,0.003,1.0,0.946314520875986,0.13,11:100593538,100593538,0.7149,0.03754
289.0,11,100610546.0,T,C,0.727,0.036,0.003,1.0,0.946314520875986,0.345,11:100593538,100593538,0.7149,0.03754
284.0,11,61278246.0,T,C,0.887,0.023,0.004,1.0,0.4813982494476115,,11:61278246,61278246,0.8847,0.04736
296.0,11,130273230.0,A,T,0.37,0.022,0.002,1.0,0.8897040602415612,0.791,11:130273230,130273230,0.628,0.0247
296.0,11,130280667.0,A,G,0.373,0.021,0.002,1.0,0.8897040602415612,0.171,11:130273230,130273230,0.628,0.0247
,11,,,,,,,,,,11:95308854,95308854,0.829,0.03038
270.0,11,10352295.0,A,G,0.472,0.021,0.002,2.0,0.9179622554145609,,11:10273128,10273128,0.1847,0.02943
270.0,11,10356115.0,C,T,0.472,0.021,0.002,2.0,0.9179622554145609,,11:10273128,10273128,0.1847,0.02943
268.0,11,1906291.0,C,G,0.6739999999999999,0.018,0.003,2.0,0.8724333281583837,0.147,11:1887806,1887806,0.5832,0.02111
268.0,11,1906815.0,C,A,0.675,0.018,0.003,2.0,0.8724333281583837,0.123,11:1887806,1887806,0.5832,0.02111
268.0,11,1907610.0,T,C,0.6739999999999999,0.018,0.003,2.0,0.8724333281583837,0.089,11:1887806,1887806,0.5832,0.02111
268.0,11,1909006.0,T,C,0.6759999999999999,0.018,0.003,2.0,0.8724333281583837,0.17,11:1887806,1887806,0.5832,0.02111
268.0,11,1948186.0,T,C,0.647,0.019,0.002,2.0,0.8724333281583837,0.468,11:1887806,1887806,0.5832,0.02111
270.0,11,10352295.0,A,G,0.472,0.021,0.002,2.0,0.9444476404203007,,11:9909127,9909127,0.91603,0.0357
270.0,11,10356115.0,C,T,0.472,0.021,0.002,2.0,0.9444476404203007,,11:9909127,9909127,0.91603,0.0357
271.0,11,13288851.0,T,A,0.567,0.015,0.002,1.0,0.792905426489673,0.14,11:13295353,13295353,0.6961,0.02038
271.0,11,13288885.0,A,C,0.567,0.015,0.002,1.0,0.792905426489673,0.14,11:13295353,13295353,0.6961,0.02038
271.0,11,13294268.0,C,T,0.567,0.015,0.002,1.0,0.792905426489673,0.122,11:13295353,13295353,0.6961,0.02038
271.0,11,13301875.0,C,G,0.571,0.015,0.002,1.0,0.792905426489673,0.109,11:13295353,13295353,0.6961,0.02038
270.0,11,9939664.0,T,C,0.902,0.031,0.004,4.0,0.9870610263030837,0.191,11:10674044,10674044,0.3111,0.02017
270.0,11,9939968.0,T,C,0.902,0.031,0.004,4.0,0.9870610263030837,0.142,11:10674044,10674044,0.3111,0.02017
270.0,11,9941176.0,T,C,0.902,0.031,0.004,4.0,0.9870610263030837,0.168,11:10674044,10674044,0.3111,0.02017
270.0,11,9953750.0,C,T,0.902,0.031,0.004,4.0,0.9870610263030837,0.179,11:10674044,10674044,0.3111,0.02017
,11,,,,,,,,,,11:16304089,16304089,0.2043,0.02316
280.0,11,47278298.0,T,G,0.899,0.032,0.004,2.0,0.98134759365646,0.358,11:47575370,47575370,0.339,0.01999
270.0,11,9939664.0,T,C,0.902,0.031,0.004,4.0,0.969627548977057,0.191,11:9762274,9762274,0.5771,0.01809
270.0,11,9939968.0,T,C,0.902,0.031,0.004,4.0,0.969627548977057,0.142,11:9762274,9762274,0.5771,0.01809
270.0,11,9941176.0,T,C,0.902,0.031,0.004,4.0,0.969627548977057,0.168,11:9762274,9762274,0.5771,0.01809
270.0,11,9953750.0,C,T,0.902,0.031,0.004,4.0,0.969627548977057,0.179,11:9762274,9762274,0.5771,0.01809
295.0,11,122519352.0,G,A,0.122,0.021,0.004,1.0,0.786535965168348,0.058,11:122527212,122527212,0.1199,0.0269
295.0,11,122519979.0,C,A,0.122,0.021,0.004,1.0,0.786535965168348,0.053,11:122527212,122527212,0.1199,0.0269
295.0,11,122527212.0,G,C,0.119,0.021,0.004,1.0,0.786535965168348,0.073,11:122527212,122527212,0.1199,0.0269
286.0,11,65405600.0,G,T,0.794,0.02,0.003,1.0,0.9287999642488929,0.871,11:65405600,65405600,0.7934,0.02151
289.0,11,100699139.0,C,T,0.348,0.014,0.002,2.0,0.7791416983576573,0.486,11:100461098,100461098,0.6479,0.01792
289.0,11,100748503.0,T,C,0.345,0.014,0.002,2.0,0.7791416983576573,0.493,11:100461098,100461098,0.6479,0.01792
286.0,11,65405600.0,G,T,0.794,0.02,0.003,1.0,0.9792873784995592,0.871,11:65560620,65560620,0.535,0.01656
280.0,11,47278298.0,T,G,0.899,0.032,0.004,2.0,0.8419559925107823,0.358,11:48111093,48111093,0.7422,0.01856
,11,,,,,,,,,,11:22515504,22515504,0.06362,0.03315
280.0,11,47278298.0,T,G,0.899,0.032,0.004,2.0,0.8863874766910455,0.358,11:48660969,48660969,0.7005,0.01866
276.0,11,27263832.0,C,G,0.6659999999999999,0.014,0.002,1.0,0.8506503439660098,0.101,11:27289434,27289434,0.6725,0.01654
276.0,11,27289434.0,T,C,0.6819999999999999,0.014,0.003,1.0,0.8506503439660098,0.075,11:27289434,27289434,0.6725,0.01654
280.0,11,47278298.0,T,G,0.899,0.032,0.004,2.0,0.7846791461145457,0.358,11:46359645,46359645,0.1094,0.02424
,11,,,,,,,,,,11:117254122,117254122,0.2551,0.01735
289.0,11,100699139.0,C,T,0.348,0.014,0.002,2.0,0.8681338472127043,0.486,11:100746492,100746492,0.9371,0.03164
289.0,11,100748503.0,T,C,0.345,0.014,0.002,2.0,0.8681338472127043,0.493,11:100746492,100746492,0.9371,0.03164
268.0,11,1906291.0,C,G,0.6739999999999999,0.018,0.003,2.0,0.8973050978518904,0.147,11:1644612,1644612,0.98268,0.05794
268.0,11,1906815.0,C,A,0.675,0.018,0.003,2.0,0.8973050978518904,0.123,11:1644612,1644612,0.98268,0.05794
268.0,11,1907610.0,T,C,0.6739999999999999,0.018,0.003,2.0,0.8973050978518904,0.089,11:1644612,1644612,0.98268,0.05794
268.0,11,1909006.0,T,C,0.6759999999999999,0.018,0.003,2.0,0.8973050978518904,0.17,11:1644612,1644612,0.98268,0.05794
268.0,11,1948186.0,T,C,0.647,0.019,0.002,2.0,0.8973050978518904,0.468,11:1644612,1644612,0.98268,0.05794
268.0,11,1906291.0,C,G,0.6739999999999999,0.018,0.003,2.0,0.8935990856167723,0.147,11:1480638,1480638,0.3198,0.01614
268.0,11,1906815.0,C,A,0.675,0.018,0.003,2.0,0.8935990856167723,0.123,11:1480638,1480638,0.3198,0.01614
268.0,11,1907610.0,T,C,0.6739999999999999,0.018,0.003,2.0,0.8935990856167723,0.089,11:1480638,1480638,0.3198,0.01614
268.0,11,1909006.0,T,C,0.6759999999999999,0.018,0.003,2.0,0.8935990856167723,0.17,11:1480638,1480638,0.3198,0.01614
268.0,11,1948186.0,T,C,0.647,0.019,0.002,2.0,0.8935990856167723,0.468,11:1480638,1480638,0.3198,0.01614
,11,,,,,,,,,,11:14077511,14077511,0.4868,0.01455
,11,,,,,,,,,,11:69954929,69954929,0.1643,0.01945
290.0,11,107091855.0,A,T,0.487,0.022,0.002,1.0,0.6423738593583731,0.074,11:107096729,107096729,0.9449,0.03095
290.0,11,107096777.0,A,G,0.483,0.022,0.002,1.0,0.6423738593583731,0.359,11:107096729,107096729,0.9449,0.03095
278.0,11,31128721.0,G,T,0.634,0.014,0.002,1.0,0.9529742616935983,0.089,11:31128721,31128721,0.6339,0.01469
,11,,,,,,,,,,11:55277909,55277909,0.7587,0.01637
,11,,,,,,,,,,11:14497269,14497269,0.6545,0.0147
280.0,11,47278298.0,T,G,0.899,0.032,0.004,2.0,0.7168891586288363,0.358,11:47137507,47137507,0.1051,0.02254
,11,,,,,,,,,,11:73071263,73071263,0.7931,0.01695
,11,,,,,,,,,,11:72056591,72056591,0.07292,0.02617
,11,,,,,,,,,,11:43800474,43800474,0.5354,0.01347
,11,,,,,,,,,,11:77794724,77794724,0.3912,0.01374
,11,,,,,,,,,,11:51492274,51492274,0.8213,0.01746
,11,,,,,,,,,,11:118809204,118809204,0.9157,0.02485
288.0,11,89216425.0,T,A,0.801,0.018,0.003,1.0,0.9315602085283275,0.331,11:89224453,89224453,0.2134,0.01634
288.0,11,89224453.0,A,C,0.789,0.018,0.003,1.0,0.9315602085283275,0.384,11:89224453,89224453,0.2134,0.01634
312.0,12,111865049.0,C,G,0.483,0.022,0.002,1.0,0.5196742558428146,0.076,12:111884608,111884608,0.4823,0.04236
312.0,12,111884608.0,T,C,0.483,0.022,0.002,1.0,0.5196742558428146,0.111,12:111884608,111884608,0.4823,0.04236
312.0,12,111904371.0,T,A,0.496,0.022,0.002,1.0,0.5196742558428146,0.23,12:111884608,111884608,0.4823,0.04236
312.0,12,111910219.0,A,G,0.497,0.022,0.002,1.0,0.5196742558428146,0.297,12:111884608,111884608,0.4823,0.04236
312.0,12,111932800.0,C,T,0.484,0.022,0.002,1.0,0.5196742558428146,0.12,12:111884608,111884608,0.4823,0.04236
312.0,12,111973358.0,A,G,0.484,0.022,0.002,1.0,0.5196742558428146,0.104,12:111884608,111884608,0.4823,0.04236
312.0,12,111865049.0,C,G,0.483,0.022,0.002,1.0,0.6549147942762371,0.076,12:112151742,112151742,0.4165,0.03407
312.0,12,111884608.0,T,C,0.483,0.022,0.002,1.0,0.6549147942762371,0.111,12:112151742,112151742,0.4165,0.03407
312.0,12,111904371.0,T,A,0.496,0.022,0.002,1.0,0.6549147942762371,0.23,12:112151742,112151742,0.4165,0.03407
312.0,12,111910219.0,A,G,0.497,0.022,0.002,1.0,0.6549147942762371,0.297,12:112151742,112151742,0.4165,0.03407
312.0,12,111932800.0,C,T,0.484,0.022,0.002,1.0,0.6549147942762371,0.12,12:112151742,112151742,0.4165,0.03407
312.0,12,111973358.0,A,G,0.484,0.022,0.002,1.0,0.6549147942762371,0.104,12:112151742,112151742,0.4165,0.03407
300.0,12,20351276.0,A,T,0.6679999999999999,0.024,0.003,1.0,0.8157445012938831,0.22,12:20190630,20190630,0.718,0.03106
300.0,12,20368269.0,T,C,0.6599999999999999,0.024,0.002,1.0,0.8157445012938831,0.368,12:20190630,20190630,0.718,0.03106
300.0,12,20373541.0,A,G,0.656,0.024,0.002,1.0,0.8157445012938831,0.345,12:20190630,20190630,0.718,0.03106
309.0,12,90013089.0,T,C,0.8280000000000001,0.044,0.003,1.0,0.7479512471241547,0.33,12:90081188,90081188,0.582,0.02518
309.0,12,90026523.0,A,G,0.8280000000000001,0.044,0.003,1.0,0.7479512471241547,0.081,12:90081188,90081188,0.582,0.02518
309.0,12,90050503.0,A,G,0.8280000000000001,0.044,0.003,1.0,0.7479512471241547,0.043,12:90081188,90081188,0.582,0.02518
309.0,12,90060586.0,G,A,0.8280000000000001,0.044,0.003,1.0,0.7479512471241547,0.056,12:90081188,90081188,0.582,0.02518
309.0,12,90062376.0,G,A,0.8280000000000001,0.044,0.003,1.0,0.7479512471241547,0.056,12:90081188,90081188,0.582,0.02518
303.0,12,49943122.0,A,G,0.8280000000000001,0.02,0.003,2.0,0.6093661355225855,,12:50520496,50520496,0.3703,0.02565
300.0,12,20351276.0,A,T,0.6679999999999999,0.024,0.003,1.0,0.940272226864524,0.22,12:20351276,20351276,0.6645,0.02568
300.0,12,20368269.0,T,C,0.6599999999999999,0.024,0.002,1.0,0.940272226864524,0.368,12:20351276,20351276,0.6645,0.02568
300.0,12,20373541.0,A,G,0.656,0.024,0.002,1.0,0.940272226864524,0.345,12:20351276,20351276,0.6645,0.02568
314.0,12,115552437.0,A,G,0.618,0.022,0.002,1.0,0.980633534817852,0.223,12:115552437,115552437,0.6176,0.02243
314.0,12,115552878.0,G,C,0.618,0.021,0.002,1.0,0.980633534817852,0.156,12:115552437,115552437,0.6176,0.02243
314.0,12,115553115.0,C,T,0.618,0.021,0.002,1.0,0.980633534817852,0.122,12:115552437,115552437,0.6176,0.02243
314.0,12,115554523.0,C,T,0.618,0.021,0.002,1.0,0.980633534817852,0.116,12:115552437,115552437,0.6176,0.02243
314.0,12,115555867.0,A,G,0.618,0.022,0.002,1.0,0.980633534817852,0.186,12:115552437,115552437,0.6176,0.02243
314.0,12,115556307.0,T,G,0.624,0.022,0.002,1.0,0.980633534817852,0.125,12:115552437,115552437,0.6176,0.02243
303.0,12,49943122.0,A,G,0.8280000000000001,0.02,0.003,2.0,0.7254318135040912,,12:50882887,50882887,0.3468,0.02186
312.0,12,111865049.0,C,G,0.483,0.022,0.002,1.0,0.9064313014731226,0.076,12:112375308,112375308,0.8249,0.02622
312.0,12,111884608.0,T,C,0.483,0.022,0.002,1.0,0.9064313014731226,0.111,12:112375308,112375308,0.8249,0.02622
312.0,12,111904371.0,T,A,0.496,0.022,0.002,1.0,0.9064313014731226,0.23,12:112375308,112375308,0.8249,0.02622
312.0,12,111910219.0,A,G,0.497,0.022,0.002,1.0,0.9064313014731226,0.297,12:112375308,112375308,0.8249,0.02622
312.0,12,111932800.0,C,T,0.484,0.022,0.002,1.0,0.9064313014731226,0.12,12:112375308,112375308,0.8249,0.02622
312.0,12,111973358.0,A,G,0.484,0.022,0.002,1.0,0.9064313014731226,0.104,12:112375308,112375308,0.8249,0.02622
314.0,12,115552437.0,A,G,0.618,0.022,0.002,1.0,0.976400718514221,0.223,12:115933575,115933575,0.5792,0.02018
314.0,12,115552878.0,G,C,0.618,0.021,0.002,1.0,0.976400718514221,0.156,12:115933575,115933575,0.5792,0.02018
314.0,12,115553115.0,C,T,0.618,0.021,0.002,1.0,0.976400718514221,0.122,12:115933575,115933575,0.5792,0.02018
314.0,12,115554523.0,C,T,0.618,0.021,0.002,1.0,0.976400718514221,0.116,12:115933575,115933575,0.5792,0.02018
314.0,12,115555867.0,A,G,0.618,0.022,0.002,1.0,0.976400718514221,0.186,12:115933575,115933575,0.5792,0.02018
314.0,12,115556307.0,T,G,0.624,0.022,0.002,1.0,0.976400718514221,0.125,12:115933575,115933575,0.5792,0.02018
303.0,12,49943122.0,A,G,0.8280000000000001,0.02,0.003,2.0,0.7944915220442266,,12:50767037,50767037,0.95962,0.04826
,12,,,,,,,,,,12:111373404,111373404,0.4284,0.01863
,12,,,,,,,,,,12:123906307,123906307,0.8071,0.02286
,12,,,,,,,,,,12:123683155,123683155,0.794,0.02174
309.0,12,89824040.0,C,T,0.189,0.017,0.003,2.0,0.7603081326044033,0.993,12:90240935,90240935,0.4462,0.01761
,12,,,,,,,,,,12:113185462,113185462,0.441,0.01751
,12,,,,,,,,,,12:123783994,123783994,0.7964,0.02151
,12,,,,,,,,,,12:20454434,20454434,0.7684,0.01941
314.0,12,116197113.0,T,C,0.902,0.022,0.004,2.0,0.8148124409361839,0.357,12:116197113,116197113,0.90058,0.02707
314.0,12,116198214.0,G,A,0.9,0.022,0.004,2.0,0.8148124409361839,0.149,12:116197113,116197113,0.90058,0.02707
314.0,12,116198341.0,A,G,0.9,0.022,0.004,2.0,0.8148124409361839,0.17,12:116197113,116197113,0.90058,0.02707
314.0,12,116204658.0,T,A,0.9,0.022,0.004,2.0,0.8148124409361839,0.202,12:116197113,116197113,0.90058,0.02707
314.0,12,116206962.0,T,C,0.898,0.021,0.004,2.0,0.8148124409361839,0.114,12:116197113,116197113,0.90058,0.02707
,12,,,,,,,,,,12:2519416,2519416,0.369,0.01648
302.0,12,48187601.0,C,T,0.763,0.017,0.003,1.0,0.9229171749739066,,12:48209165,48209165,0.7603,0.01848
302.0,12,48196982.0,G,A,0.758,0.017,0.003,1.0,0.9229171749739066,,12:48209165,48209165,0.7603,0.01848
302.0,12,48209165.0,G,T,0.761,0.017,0.003,1.0,0.9229171749739066,,12:48209165,48209165,0.7603,0.01848
303.0,12,49943122.0,A,G,0.8280000000000001,0.02,0.003,2.0,0.9189374222110095,,12:50375522,50375522,0.7137,0.01817
,12,,,,,,,,,,12:123528405,123528405,0.7909,0.01929
309.0,12,89824040.0,C,T,0.189,0.017,0.003,2.0,0.8546782044072719,0.993,12:90349999,90349999,0.4778,0.01559
,12,,,,,,,,,,12:8831954,8831954,0.6747,0.01662
314.0,12,116197113.0,T,C,0.902,0.022,0.004,2.0,0.8546216783161684,0.357,12:115365549,115365549,0.6986,0.01683
314.0,12,116198214.0,G,A,0.9,0.022,0.004,2.0,0.8546216783161684,0.149,12:115365549,115365549,0.6986,0.01683
314.0,12,116198341.0,A,G,0.9,0.022,0.004,2.0,0.8546216783161684,0.17,12:115365549,115365549,0.6986,0.01683
314.0,12,116204658.0,T,A,0.9,0.022,0.004,2.0,0.8546216783161684,0.202,12:115365549,115365549,0.6986,0.01683
314.0,12,116206962.0,T,C,0.898,0.021,0.004,2.0,0.8546216783161684,0.114,12:115365549,115365549,0.6986,0.01683
,12,,,,,,,,,,12:58004070,58004070,0.95182,0.03554
304.0,12,53441607.0,C,T,0.712,0.016,0.003,1.0,0.9867492385264262,,12:53441990,53441990,0.7129,0.01623
304.0,12,53441990.0,A,G,0.712,0.016,0.003,1.0,0.9867492385264262,,12:53441990,53441990,0.7129,0.01623
304.0,12,53442129.0,C,T,0.712,0.016,0.003,1.0,0.9867492385264262,,12:53441990,53441990,0.7129,0.01623
304.0,12,53442956.0,G,C,0.712,0.016,0.003,1.0,0.9867492385264262,,12:53441990,53441990,0.7129,0.01623
304.0,12,53448320.0,C,T,0.7130000000000001,0.016,0.003,1.0,0.9867492385264262,,12:53441990,53441990,0.7129,0.01623
306.0,12,56469185.0,C,T,0.534,0.011,0.002,1.0,0.7497327031611584,,12:56466473,56466473,0.6515,0.01536
,12,,,,,,,,,,12:2177546,2177546,0.8296,0.01971
,12,,,,,,,,,,12:27399781,27399781,0.5975,0.01435
,12,,,,,,,,,,12:42415198,42415198,0.1696,0.01809
304.0,12,53441607.0,C,T,0.712,0.016,0.003,1.0,0.9356350242055607,,12:53326918,53326918,0.90346,0.02293
304.0,12,53441990.0,A,G,0.712,0.016,0.003,1.0,0.9356350242055607,,12:53326918,53326918,0.90346,0.02293
304.0,12,53442129.0,C,T,0.712,0.016,0.003,1.0,0.9356350242055607,,12:53326918,53326918,0.90346,0.02293
304.0,12,53442956.0,G,C,0.712,0.016,0.003,1.0,0.9356350242055607,,12:53326918,53326918,0.90346,0.02293
304.0,12,53448320.0,C,T,0.7130000000000001,0.016,0.003,1.0,0.9356350242055607,,12:53326918,53326918,0.90346,0.02293
,13,,,,,,,,,,13:110802123,110802123,0.9102,0.03199
,13,,,,,,,,,,13:111040681,111040681,0.2776,0.01917
,13,,,,,,,,,,13:72374849,72374849,0.07362,0.03246
,13,,,,,,,,,,13:110903219,110903219,0.2393,0.0198
,13,,,,,,,,,,13:38246708,38246708,0.4323,0.01693
327.0,13,80701076.0,G,C,0.501,0.015,0.002,2.0,0.91520683384504,0.389,13:80701076,80701076,0.503,0.01639
327.0,13,80701485.0,T,C,0.499,0.015,0.002,2.0,0.91520683384504,0.255,13:80701076,80701076,0.503,0.01639
,13,,,,,,,,,,13:114511792,114511792,0.5356,0.01622
,13,,,,,,,,,,13:38133369,38133369,0.4609,0.0158
,13,,,,,,,,,,13:27878484,27878484,0.8851,0.02266
322.0,13,51103461.0,C,G,0.724,0.017,0.003,1.0,0.908002387938988,0.986,13:51106788,51106788,0.2781,0.0154
,13,,,,,,,,,,13:59919452,59919452,0.2287,0.01575
335.0,14,50655357.0,G,C,0.989,0.087,0.011,1.0,0.9136461707025592,0.995,14:50655357,50655357,0.98891,0.09484
342.0,14,104007751.0,C,T,0.861,0.021,0.003,1.0,0.8800110231135753,0.793,14:104007751,104007751,0.8587,0.0237
338.0,14,94838142.0,G,T,0.979,0.055,0.008,1.0,0.9386610142201843,0.254,14:94844947,94844947,0.97981,0.05263
338.0,14,94844947.0,C,T,0.98,0.057,0.008,1.0,0.9386610142201843,0.746,14:94844947,94844947,0.97981,0.05263
,14,,,,,,,,,,14:100177915,100177915,0.1691,0.01899
,14,,,,,,,,,,14:70456664,70456664,0.5626,0.01386
,14,,,,,,,,,,14:23313633,23313633,0.02549,0.04331
,14,,,,,,,,,,14:73276250,73276250,0.7595,0.0159
,14,,,,,,,,,,14:104257464,104257464,0.3589,0.01445
348.0,15,75033400.0,A,G,0.273,0.028,0.003,2.0,0.7195335354215587,0.148,15:75114322,75114322,0.3057,0.03763
348.0,15,75033909.0,A,G,0.273,0.028,0.003,2.0,0.7195335354215587,0.179,15:75114322,75114322,0.3057,0.03763
348.0,15,75035256.0,T,C,0.273,0.028,0.003,2.0,0.7195335354215587,0.153,15:75114322,75114322,0.3057,0.03763
348.0,15,75035503.0,A,C,0.273,0.028,0.003,2.0,0.7195335354215587,0.159,15:75114322,75114322,0.3057,0.03763
348.0,15,75041917.0,C,A,0.273,0.028,0.003,2.0,0.7195335354215587,0.143,15:75114322,75114322,0.3057,0.03763
352.0,15,91418394.0,C,T,0.322,0.033,0.003,1.0,0.9364355034427826,0.631,15:91437388,91437388,0.3221,0.0302
352.0,15,91420973.0,T,C,0.332,0.032,0.002,1.0,0.9364355034427826,,15:91437388,91437388,0.3221,0.0302
352.0,15,91427612.0,G,A,0.324,0.033,0.003,1.0,0.9364355034427826,0.066,15:91437388,91437388,0.3221,0.0302
352.0,15,91427872.0,G,C,0.326,0.033,0.002,1.0,0.9364355034427826,0.058,15:91437388,91437388,0.3221,0.0302
347.0,15,69583434.0,C,T,0.979,0.077,0.008,1.0,0.8208728020285859,0.783,15:69583434,69583434,0.97614,0.08973
347.0,15,69682916.0,A,G,0.975,0.072,0.007,1.0,0.8208728020285859,0.216,15:69583434,69583434,0.97614,0.08973
354.0,15,95316275.0,A,T,0.546,0.015,0.002,2.0,0.5737219378276226,0.247,15:95312071,95312071,0.3185,0.02794
354.0,15,95316277.0,T,A,0.546,0.015,0.002,2.0,0.5737219378276226,0.254,15:95312071,95312071,0.3185,0.02794
,15,,,,,,,,,,15:79066653,79066653,0.7431,0.0246
,15,,,,,,,,,,15:96635898,96635898,0.3277,0.02256
,15,,,,,,,,,,15:41283408,41283408,0.4685,0.02117
,15,,,,,,,,,,15:41459576,41459576,0.4271,0.02105
348.0,15,75086534.0,C,T,0.33699999999999997,0.024,0.003,3.0,0.8708740812577271,,15:74711769,74711769,0.361,0.02057
348.0,15,75086545.0,C,T,0.33699999999999997,0.024,0.003,3.0,0.8708740812577271,,15:74711769,74711769,0.361,0.02057
,15,,,,,,,,,,15:71621524,71621524,0.6675,0.02022
348.0,15,75086534.0,C,T,0.33699999999999997,0.024,0.003,3.0,0.8218123406189447,,15:75340722,75340722,0.2992,0.02036
348.0,15,75086545.0,C,T,0.33699999999999997,0.024,0.003,3.0,0.8218123406189447,,15:75340722,75340722,0.2992,0.02036
343.0,15,40317075.0,G,A,0.531,0.019,0.002,1.0,0.9532283918042375,0.212,15:40321351,40321351,0.5304,0.01811
343.0,15,40317792.0,T,G,0.531,0.019,0.002,1.0,0.9532283918042375,0.396,15:40321351,40321351,0.5304,0.01811
343.0,15,40321351.0,C,A,0.531,0.019,0.002,1.0,0.9532283918042375,0.384,15:40321351,40321351,0.5304,0.01811
,15,,,,,,,,,,15:42119603,42119603,0.3358,0.01877
,15,,,,,,,,,,15:41563214,41563214,0.3161,0.01843
349.0,15,81006712.0,C,T,0.444,0.021,0.002,1.0,0.7909558508957555,0.118,15:81042816,81042816,0.4708,0.01653
349.0,15,81009646.0,C,A,0.443,0.021,0.002,1.0,0.7909558508957555,0.119,15:81042816,81042816,0.4708,0.01653
349.0,15,81010249.0,A,G,0.444,0.021,0.002,1.0,0.7909558508957555,0.168,15:81042816,81042816,0.4708,0.01653
349.0,15,81012407.0,C,G,0.444,0.021,0.002,1.0,0.7909558508957555,0.119,15:81042816,81042816,0.4708,0.01653
349.0,15,81013037.0,G,A,0.444,0.021,0.002,1.0,0.7909558508957555,0.114,15:81042816,81042816,0.4708,0.01653
,15,,,,,,,,,,15:78952756,78952756,0.7687,0.01936
348.0,15,75086534.0,C,T,0.33699999999999997,0.024,0.003,3.0,0.7122315554502092,,15:75456020,75456020,0.3229,0.01728
348.0,15,75086545.0,C,T,0.33699999999999997,0.024,0.003,3.0,0.7122315554502092,,15:75456020,75456020,0.3229,0.01728
346.0,15,66941084.0,G,A,0.287,0.017,0.003,1.0,0.954481759088466,0.83,15:66941084,66941084,0.2865,0.01782
346.0,15,66942853.0,G,T,0.343,0.015,0.002,1.0,0.954481759088466,0.119,15:66941084,66941084,0.2865,0.01782
,15,,,,,,,,,,15:41749391,41749391,0.8555,0.02249
,15,,,,,,,,,,15:48864367,48864367,0.3017,0.0163
,15,,,,,,,,,,15:48744005,48744005,0.2249,0.01774
,15,,,,,,,,,,15:94215925,94215925,0.4179,0.01526
,15,,,,,,,,,,15:83953236,83953236,0.795,0.01775
,15,,,,,,,,,,15:67987293,67987293,0.603,0.01453
,15,,,,,,,,,,15:74521694,74521694,0.0436,0.03485
,15,,,,,,,,,,15:42015413,42015413,0.7032,0.01472
,15,,,,,,,,,,15:95452639,95452639,0.0357,0.03572
360.0,16,20392332.0,G,A,0.8069999999999999,0.018,0.003,1.0,0.6815731502194737,,16:20392332,20392332,0.8023,0.02617
374.0,16,83044932.0,A,T,0.8009999999999999,0.017,0.003,1.0,0.6697999735284176,0.134,16:83045790,83045790,0.2533,0.0233
374.0,16,83054747.0,A,G,0.804,0.017,0.003,1.0,0.6697999735284176,0.374,16:83045790,83045790,0.2533,0.0233
374.0,16,83055700.0,G,C,0.8029999999999999,0.017,0.003,1.0,0.6697999735284176,0.145,16:83045790,83045790,0.2533,0.0233
374.0,16,83058508.0,A,G,0.8069999999999999,0.017,0.003,1.0,0.6697999735284176,0.152,16:83045790,83045790,0.2533,0.0233
363.0,16,30757588.0,C,T,0.993,0.086,0.013,1.0,0.8477902827731977,0.302,16:30979818,30979818,0.6065,0.01847
363.0,16,30872855.0,C,T,0.993,0.087,0.014,1.0,0.8477902827731977,0.121,16:30979818,30979818,0.6065,0.01847
363.0,16,31047822.0,C,T,0.991,0.081,0.012,1.0,0.8477902827731977,0.495,16:30979818,30979818,0.6065,0.01847
,16,,,,,,,,,,16:81602264,81602264,0.5354,0.01706
356.0,16,2089006.0,G,A,0.842,0.021,0.003,2.0,0.863567298363927,0.993,16:2158570,2158570,0.98505,0.07309
363.0,16,30757588.0,C,T,0.993,0.086,0.013,1.0,0.9900130333085818,0.302,16:31103796,31103796,0.6258,0.01565
363.0,16,30872855.0,C,T,0.993,0.087,0.014,1.0,0.9900130333085818,0.121,16:31103796,31103796,0.6258,0.01565
363.0,16,31047822.0,C,T,0.991,0.081,0.012,1.0,0.9900130333085818,0.495,16:31103796,31103796,0.6258,0.01565
357.0,16,3887530.0,T,C,0.895,0.023,0.004,1.0,0.9479039152544424,0.995,16:4014282,4014282,0.6155,0.01529
362.0,16,24838497.0,T,G,0.782,0.026,0.003,1.0,0.6921431086016548,,16:24730230,24730230,0.8049,0.01875
362.0,16,24838497.0,T,G,0.782,0.026,0.003,1.0,0.6901295786944086,,16:24845143,24845143,0.8053,0.01871
358.0,16,4949815.0,T,C,0.572,0.016,0.002,1.0,0.9198114765949763,0.186,16:4961003,4961003,0.8944,0.02368
358.0,16,4952598.0,C,G,0.574,0.016,0.002,1.0,0.9198114765949763,0.187,16:4961003,4961003,0.8944,0.02368
,16,,,,,,,,,,16:69317807,69317807,0.7425,0.01645
,16,,,,,,,,,,16:20028013,20028013,0.3169,0.01527
,16,,,,,,,,,,16:68842480,68842480,0.93717,0.02999
,16,,,,,,,,,,16:67836301,67836301,0.9196,0.02583
364.0,16,49762512.0,G,A,0.393,0.014,0.002,1.0,0.9804793002151042,0.448,16:49762512,49762512,0.3938,0.01428
364.0,16,49766334.0,G,T,0.394,0.014,0.002,1.0,0.9804793002151042,0.376,16:49762512,49762512,0.3938,0.01428
356.0,16,2089006.0,G,A,0.842,0.021,0.003,2.0,0.9050540143723202,0.993,16:2047891,2047891,0.2022,0.01726
370.0,16,72569236.0,A,T,0.076,0.028,0.004,2.0,0.9911701338564065,0.121,16:73127723,73127723,0.1359,0.0212
370.0,16,72574550.0,A,T,0.074,0.028,0.004,2.0,0.9911701338564065,0.212,16:73127723,73127723,0.1359,0.0212
370.0,16,72578594.0,T,G,0.076,0.028,0.004,2.0,0.9911701338564065,0.297,16:73127723,73127723,0.1359,0.0212
370.0,16,72629056.0,C,G,0.074,0.028,0.004,2.0,0.9911701338564065,0.104,16:73127723,73127723,0.1359,0.0212
,16,,,,,,,,,,16:21088031,21088031,0.5692,0.01394
,16,,,,,,,,,,16:10629259,10629259,0.2494,0.01593
,16,,,,,,,,,,16:72060908,72060908,0.871,0.02154
,16,,,,,,,,,,16:71853713,71853713,0.6583,0.01518
,16,,,,,,,,,,16:56293316,56293316,0.689,0.0146
,16,,,,,,,,,,16:67619747,67619747,0.8155,0.01741
358.0,16,4949815.0,T,C,0.572,0.016,0.002,1.0,0.8867841887797013,0.186,16:4788893,4788893,0.98907,0.06748
358.0,16,4952598.0,C,G,0.574,0.016,0.002,1.0,0.8867841887797013,0.187,16:4788893,4788893,0.98907,0.06748
,16,,,,,,,,,,16:66102716,66102716,0.4542,0.0133
,16,,,,,,,,,,16:67319752,67319752,0.8143,0.01698
383.0,17,44990522.0,A,G,0.403,0.021,0.002,4.0,0.989360314813407,0.132,17:43173273,43173273,0.4236,0.02107
383.0,17,44993128.0,G,A,0.392,0.021,0.002,4.0,0.989360314813407,0.101,17:43173273,43173273,0.4236,0.02107
383.0,17,45093839.0,A,G,0.384,0.022,0.002,4.0,0.989360314813407,0.273,17:43173273,43173273,0.4236,0.02107
383.0,17,45146717.0,C,T,0.384,0.021,0.002,4.0,0.989360314813407,0.122,17:43173273,43173273,0.4236,0.02107
379.0,17,7452977.0,C,T,0.27,0.017,0.003,2.0,0.7564017930708314,0.021,17:7571752,7571752,0.01262,0.09231
379.0,17,7461343.0,G,A,0.264,0.017,0.003,2.0,0.7564017930708314,0.056,17:7571752,7571752,0.01262,0.09231
379.0,17,7521915.0,G,T,0.25,0.018,0.003,2.0,0.7564017930708314,0.042,17:7571752,7571752,0.01262,0.09231
379.0,17,7452977.0,C,T,0.27,0.017,0.003,2.0,0.7814054473154808,0.021,17:7781020,7781020,0.07552,0.03775
379.0,17,7461343.0,G,A,0.264,0.017,0.003,2.0,0.7814054473154808,0.056,17:7781020,7781020,0.07552,0.03775
379.0,17,7521915.0,G,T,0.25,0.018,0.003,2.0,0.7814054473154808,0.042,17:7781020,7781020,0.07552,0.03775
379.0,17,7452977.0,C,T,0.27,0.017,0.003,2.0,0.7688954996363606,0.021,17:7921006,7921006,0.05562,0.04423
379.0,17,7461343.0,G,A,0.264,0.017,0.003,2.0,0.7688954996363606,0.056,17:7921006,7921006,0.05562,0.04423
379.0,17,7521915.0,G,T,0.25,0.018,0.003,2.0,0.7688954996363606,0.042,17:7921006,7921006,0.05562,0.04423
383.0,17,44990522.0,A,G,0.403,0.021,0.002,4.0,0.93891080783018,0.132,17:47439302,47439302,0.3632,0.01994
383.0,17,44993128.0,G,A,0.392,0.021,0.002,4.0,0.93891080783018,0.101,17:47439302,47439302,0.3632,0.01994
383.0,17,45093839.0,A,G,0.384,0.022,0.002,4.0,0.93891080783018,0.273,17:47439302,47439302,0.3632,0.01994
383.0,17,45146717.0,C,T,0.384,0.021,0.002,4.0,0.93891080783018,0.122,17:47439302,47439302,0.3632,0.01994
377.0,17,1958536.0,G,A,0.357,0.024,0.002,1.0,0.7707825117040548,0.354,17:2167393,2167393,0.6562,0.01866
377.0,17,1958609.0,T,C,0.357,0.024,0.002,1.0,0.7707825117040548,0.624,17:2167393,2167393,0.6562,0.01866
,17,,,,,,,,,,17:3981148,3981148,0.3278,0.01879
,17,,,,,,,,,,17:4081975,4081975,0.3096,0.01841
379.0,17,7452977.0,C,T,0.27,0.017,0.003,2.0,0.8789725517819262,0.021,17:7426907,7426907,0.06614,0.03568
379.0,17,7461343.0,G,A,0.264,0.017,0.003,2.0,0.8789725517819262,0.056,17:7426907,7426907,0.06614,0.03568
379.0,17,7521915.0,G,T,0.25,0.018,0.003,2.0,0.8789725517819262,0.042,17:7426907,7426907,0.06614,0.03568
386.0,17,60763400.0,G,C,0.423,0.018,0.002,1.0,0.9755404841785977,0.165,17:61298602,61298602,0.9899,0.08676
386.0,17,60765043.0,T,C,0.424,0.018,0.002,1.0,0.9755404841785977,0.177,17:61298602,61298602,0.9899,0.08676
386.0,17,60767135.0,A,G,0.425,0.018,0.002,1.0,0.9755404841785977,0.153,17:61298602,61298602,0.9899,0.08676
386.0,17,60768921.0,A,C,0.425,0.018,0.002,1.0,0.9755404841785977,0.169,17:61298602,61298602,0.9899,0.08676
386.0,17,60769406.0,T,C,0.425,0.018,0.002,1.0,0.9755404841785977,0.14,17:61298602,61298602,0.9899,0.08676
386.0,17,60769803.0,A,G,0.426,0.018,0.002,1.0,0.9755404841785977,0.148,17:61298602,61298602,0.9899,0.08676
388.0,17,75316880.0,A,G,0.641,0.017,0.002,1.0,0.995821309085114,0.611,17:75316880,75316880,0.6411,0.01693
388.0,17,75317300.0,C,G,0.736,0.017,0.003,1.0,0.995821309085114,0.123,17:75316880,75316880,0.6411,0.01693
,17,,,,,,,,,,17:3880148,3880148,0.5147,0.01598
379.0,17,7452977.0,C,T,0.27,0.017,0.003,2.0,0.9871653759491565,0.021,17:7185092,7185092,0.5719,0.01555
379.0,17,7461343.0,G,A,0.264,0.017,0.003,2.0,0.9871653759491565,0.056,17:7185092,7185092,0.5719,0.01555
379.0,17,7521915.0,G,T,0.25,0.018,0.003,2.0,0.9871653759491565,0.042,17:7185092,7185092,0.5719,0.01555
389.0,17,76798362.0,C,T,0.476,0.016,0.002,1.0,0.8999346414709168,0.127,17:76769434,76769434,0.3862,0.01477
389.0,17,76799795.0,G,A,0.475,0.017,0.002,1.0,0.8999346414709168,0.193,17:76769434,76769434,0.3862,0.01477
,17,,,,,,,,,,17:4626318,4626318,0.2456,0.01638
,17,,,,,,,,,,17:57384444,57384444,0.6595,0.01502
383.0,17,46635649.0,A,G,0.913,0.027,0.004,3.0,0.9327819959543111,,17:46587273,46587273,0.8498,0.01984
383.0,17,46670422.0,G,C,0.897,0.026,0.004,3.0,0.9327819959543111,,17:46587273,46587273,0.8498,0.01984
383.0,17,46672154.0,T,C,0.897,0.025,0.004,3.0,0.9327819959543111,,17:46587273,46587273,0.8498,0.01984
383.0,17,46635649.0,A,G,0.913,0.027,0.004,3.0,0.9131098868564795,,17:46060529,46060529,0.3487,0.01456
383.0,17,46670422.0,G,C,0.897,0.026,0.004,3.0,0.9131098868564795,,17:46060529,46060529,0.3487,0.01456
383.0,17,46672154.0,T,C,0.897,0.025,0.004,3.0,0.9131098868564795,,17:46060529,46060529,0.3487,0.01456
383.0,17,46635649.0,A,G,0.913,0.027,0.004,3.0,0.9036185074981715,,17:46701141,46701141,0.03727,0.03625
383.0,17,46670422.0,G,C,0.897,0.026,0.004,3.0,0.9036185074981715,,17:46701141,46701141,0.03727,0.03625
383.0,17,46672154.0,T,C,0.897,0.025,0.004,3.0,0.9036185074981715,,17:46701141,46701141,0.03727,0.03625
,17,,,,,,,,,,17:41281550,41281550,0.2353,0.01626
389.0,17,76798362.0,C,T,0.476,0.016,0.002,1.0,0.8492223586804022,0.127,17:76661528,76661528,0.4742,0.01359
389.0,17,76799795.0,G,A,0.475,0.017,0.002,1.0,0.8492223586804022,0.193,17:76661528,76661528,0.4742,0.01359
,17,,,,,,,,,,17:15388330,15388330,0.92467,0.02539
,17,,,,,,,,,,17:41445325,41445325,0.2395,0.01559
,17,,,,,,,,,,17:79368016,79368016,0.2705,0.01498
,17,,,,,,,,,,17:15115717,15115717,0.2584,0.0152
,18,,,,,,,,,,18:42220367,42220367,0.2397,0.01888
397.0,18,48272636.0,A,C,0.862,0.023,0.003,2.0,0.9921144320489248,0.192,18:48169638,48169638,0.6979,0.01714
397.0,18,48277005.0,A,G,0.857,0.023,0.003,2.0,0.9921144320489248,0.151,18:48169638,48169638,0.6979,0.01714
397.0,18,48277401.0,A,C,0.86,0.023,0.003,2.0,0.9921144320489248,0.157,18:48169638,48169638,0.6979,0.01714
397.0,18,48278791.0,T,C,0.861,0.023,0.003,2.0,0.9921144320489248,0.103,18:48169638,48169638,0.6979,0.01714
397.0,18,48286745.0,T,A,0.862,0.022,0.003,2.0,0.9921144320489248,0.038,18:48169638,48169638,0.6979,0.01714
397.0,18,48287818.0,C,T,0.862,0.023,0.003,2.0,0.9921144320489248,0.09,18:48169638,48169638,0.6979,0.01714
,18,,,,,,,,,,18:10910453,10910453,0.6818,0.01571
,18,,,,,,,,,,18:51866974,51866974,0.8978,0.02322
,18,,,,,,,,,,18:57514434,57514434,0.1844,0.01762
,18,,,,,,,,,,18:20040225,20040225,0.4849,0.01358
,18,,,,,,,,,,18:42372487,42372487,0.92321,0.02505
,18,,,,,,,,,,18:26154719,26154719,0.94038,0.02783
404.0,19,11526765.0,G,T,0.528,0.034,0.002,1.0,0.9786425283569158,1.0,19:11526765,11526765,0.5296,0.03328
402.0,19,7257990.0,C,G,0.873,0.049,0.004,1.0,0.8899018612714584,0.999,19:7257990,7257990,0.8704,0.04323
407.0,19,30375559.0,C,T,0.946,0.028,0.005,1.0,0.48389292299007985,0.099,19:30288177,30288177,0.3297,0.02782
409.0,19,45741353.0,A,G,0.257,0.015,0.003,1.0,0.7441272050247715,0.102,19:45749484,45749484,0.2546,0.02022
409.0,19,45755368.0,G,T,0.255,0.014,0.003,1.0,0.7441272050247715,0.021,19:45749484,45749484,0.2546,0.02022
411.0,19,49605705.0,G,A,0.837,0.03,0.003,1.0,0.7397458340267377,1.0,19:49605705,49605705,0.8353,0.0221
,19,,,,,,,,,,19:41135475,41135475,0.1687,0.02202
,19,,,,,,,,,,19:18286546,18286546,0.4889,0.01624
408.0,19,32178927.0,C,T,0.734,0.016,0.003,2.0,0.8982502124079506,0.816,19:31885791,31885791,0.3909,0.01613
408.0,19,32204311.0,A,G,0.683,0.014,0.003,2.0,0.8982502124079506,0.109,19:31885791,31885791,0.3909,0.01613
408.0,19,32178927.0,C,T,0.734,0.016,0.003,2.0,0.945206670687373,0.816,19:32215509,32215509,0.6618,0.01581
408.0,19,32204311.0,A,G,0.683,0.014,0.003,2.0,0.945206670687373,0.109,19:32215509,32215509,0.6618,0.01581
406.0,19,18449238.0,G,A,0.735,0.02,0.003,1.0,0.8404043407767691,0.172,19:18449238,18449238,0.7337,0.016
406.0,19,18452195.0,C,T,0.734,0.02,0.003,1.0,0.8404043407767691,0.192,19:18449238,18449238,0.7337,0.016
406.0,19,18454825.0,A,G,0.733,0.02,0.003,1.0,0.8404043407767691,0.17,19:18449238,18449238,0.7337,0.016
406.0,19,18455444.0,G,A,0.733,0.02,0.003,1.0,0.8404043407767691,0.17,19:18449238,18449238,0.7337,0.016
406.0,19,18455657.0,T,C,0.733,0.02,0.003,1.0,0.8404043407767691,0.175,19:18449238,18449238,0.7337,0.016
406.0,19,18459377.0,A,G,0.732,0.019,0.003,1.0,0.8404043407767691,0.101,19:18449238,18449238,0.7337,0.016
,19,,,,,,,,,,19:21892560,21892560,0.6451,0.01475
,19,,,,,,,,,,19:19393714,19393714,0.1472,0.02025
,19,,,,,,,,,,19:30109533,30109533,0.3581,0.01455
,19,,,,,,,,,,19:17163661,17163661,0.7176,0.01537
,19,,,,,,,,,,19:30709251,30709251,0.793,0.01695
402.0,19,7222234.0,T,C,0.582,0.015,0.002,3.0,0.9356874770416856,0.174,19:7515695,7515695,0.7742,0.01654
402.0,19,7222377.0,G,C,0.582,0.015,0.002,3.0,0.9356874770416856,0.177,19:7515695,7515695,0.7742,0.01654
402.0,19,7222832.0,T,C,0.582,0.015,0.002,3.0,0.9356874770416856,0.208,19:7515695,7515695,0.7742,0.01654
402.0,19,7224350.0,C,T,0.582,0.015,0.002,3.0,0.9356874770416856,0.213,19:7515695,7515695,0.7742,0.01654
402.0,19,7224431.0,G,A,0.585,0.015,0.002,3.0,0.9356874770416856,0.182,19:7515695,7515695,0.7742,0.01654
,19,,,,,,,,,,19:39186950,39186950,0.4388,0.01357
,19,,,,,,,,,,19:12149360,12149360,0.96651,0.03838
,19,,,,,,,,,,19:12569854,12569854,0.4885,0.01325
,19,,,,,,,,,,19:45428234,45428234,0.8406,0.01852
415.0,20,10693337.0,A,G,0.54,0.022,0.002,2.0,0.7667801694852764,0.92,20:10743612,10743612,0.7243,0.032
425.0,20,57722735.0,T,A,0.107,0.033,0.004,1.0,0.7735186236277475,0.032,20:57728269,57728269,0.1077,0.04254
425.0,20,57723130.0,C,T,0.107,0.033,0.004,1.0,0.7735186236277475,0.036,20:57728269,57728269,0.1077,0.04254
425.0,20,57725663.0,G,A,0.107,0.033,0.004,1.0,0.7735186236277475,0.049,20:57728269,57728269,0.1077,0.04254
415.0,20,10693337.0,A,G,0.54,0.022,0.002,2.0,0.8639644410237811,0.92,20:10965998,10965998,0.4767,0.02541
,20,,,,,,,,,,20:10624190,10624190,0.5828,0.02131
,20,,,,,,,,,,20:10519587,10519587,0.3993,0.02092
427.0,20,62703490.0,C,T,0.25,0.021,0.003,1.0,0.9186014598564455,0.328,20:62694319,62694319,0.2427,0.02309
427.0,20,62724698.0,C,T,0.227,0.021,0.003,1.0,0.9186014598564455,0.528,20:62694319,62694319,0.2427,0.02309
415.0,20,10965998.0,G,A,0.476,0.02,0.002,1.0,0.9457751140968603,0.53,20:10864516,10864516,0.4233,0.01912
415.0,20,10967214.0,T,G,0.476,0.02,0.002,1.0,0.9457751140968603,0.311,20:10864516,10864516,0.4233,0.01912
415.0,20,10969030.0,A,G,0.477,0.02,0.002,1.0,0.9457751140968603,0.157,20:10864516,10864516,0.4233,0.01912
422.0,20,47411149.0,G,A,0.851,0.026,0.003,1.0,0.9842032106713493,0.108,20:47420709,47420709,0.8509,0.02641
422.0,20,47411178.0,G,A,0.851,0.026,0.003,1.0,0.9842032106713493,0.075,20:47420709,47420709,0.8509,0.02641
422.0,20,47414239.0,C,T,0.851,0.026,0.003,1.0,0.9842032106713493,0.075,20:47420709,47420709,0.8509,0.02641
422.0,20,47427403.0,G,A,0.851,0.026,0.003,1.0,0.9842032106713493,0.069,20:47420709,47420709,0.8509,0.02641
427.0,20,62703490.0,C,T,0.25,0.021,0.003,1.0,0.9558932146627839,0.328,20:62363512,62363512,0.1596,0.02296
427.0,20,62724698.0,C,T,0.227,0.021,0.003,1.0,0.9558932146627839,0.528,20:62363512,62363512,0.1596,0.02296
427.0,20,62470872.0,C,T,0.608,0.016,0.002,2.0,0.9697298920418881,,20:62529923,62529923,0.4695,0.01614
,20,,,,,,,,,,20:57866884,57866884,0.0199,0.05917
422.0,20,47411149.0,G,A,0.851,0.026,0.003,1.0,0.8158668857083169,0.108,20:47226565,47226565,0.5868,0.01534
422.0,20,47411178.0,G,A,0.851,0.026,0.003,1.0,0.8158668857083169,0.075,20:47226565,47226565,0.5868,0.01534
422.0,20,47414239.0,C,T,0.851,0.026,0.003,1.0,0.8158668857083169,0.075,20:47226565,47226565,0.5868,0.01534
422.0,20,47427403.0,G,A,0.851,0.026,0.003,1.0,0.8158668857083169,0.069,20:47226565,47226565,0.5868,0.01534
,20,,,,,,,,,,20:19475621,19475621,0.7461,0.01696
,20,,,,,,,,,,20:30117956,30117956,0.97144,0.04635
,20,,,,,,,,,,20:39881517,39881517,0.8298,0.01931
,20,,,,,,,,,,20:34664971,34664971,0.2111,0.01767
,20,,,,,,,,,,20:35227291,35227291,0.90845,0.02437
,20,,,,,,,,,,20:30218172,30218172,0.8413,0.01925
,20,,,,,,,,,,20:29966532,29966532,0.97041,0.04307
425.0,20,57722735.0,T,A,0.107,0.033,0.004,1.0,0.6685263524887987,0.032,20:57613373,57613373,0.7991,0.01702
425.0,20,57723130.0,C,T,0.107,0.033,0.004,1.0,0.6685263524887987,0.036,20:57613373,57613373,0.7991,0.01702
425.0,20,57725663.0,G,A,0.107,0.033,0.004,1.0,0.6685263524887987,0.049,20:57613373,57613373,0.7991,0.01702
,20,,,,,,,,,,20:35066782,35066782,0.94857,0.03057
,20,,,,,,,,,,20:39651892,39651892,0.8469,0.01845
,20,,,,,,,,,,20:480851,480851,0.9848,0.05595
,21,,,,,,,,,,21:39819830,39819830,0.3541,0.02311
,21,,,,,,,,,,21:35596842,35596842,0.1559,0.02646
,21,,,,,,,,,,21:38248682,38248682,0.5534,0.01576
,21,,,,,,,,,,21:39973669,39973669,0.4799,0.01551
,21,,,,,,,,,,21:35293087,35293087,0.8301,0.01989
430.0,21,44829595.0,C,T,0.987,0.068,0.01,1.0,0.9682203262847355,1.0,21:44829595,44829595,0.98643,0.06446
,21,,,,,,,,,,21:35150947,35150947,0.344,0.01532
,21,,,,,,,,,,21:40074396,40074396,0.7571,0.01668
,21,,,,,,,,,,21:44721027,44721027,0.03782,0.0356
,21,,,,,,,,,,21:35032205,35032205,0.3205,0.01425
,22,,,,,,,,,,22:28056338,28056338,0.4381,0.01742
434.0,22,29451671.0,A,G,0.55,0.014,0.002,1.0,0.8660020257763167,0.11,22:29449477,29449477,0.5726,0.01738
434.0,22,29453193.0,G,C,0.56,0.015,0.002,1.0,0.8660020257763167,0.808,22:29449477,29449477,0.5726,0.01738
,22,,,,,,,,,,22:40530922,40530922,0.7977,0.0194
,22,,,,,,,,,,22:18481510,18481510,0.2888,0.01708
,22,,,,,,,,,,22:18285299,18285299,0.7239,0.01671
,22,,,,,,,,,,22:48386670,48386670,0.4376,0.01382
,22,,,,,,,,,,22:42689140,42689140,0.4589,0.01367
